"id","nome","comune","indirizzo","tipologia","stelle","sito","telefono","email","piscina","ac","parcheggio","ristorante","animali","parcogiochi","sauna","palestra","lat","lon","provincia"
1140,"POGGIO AL LAGO","ARCUGNANO","Via Chiesa Vecchia 15, ARCUGNANO 36057","BED AND BREAKFAST",0,"www.poggioallago.net","0444273030 - 3488106849","info@poggioallago.net",True,True,True,False,False,False,False,False,"45.4712067","11.5522259","Vicenza"
1141,"CA DEL VENTO","ARCUGNANO","Via Costacolonna 59, ARCUGNANO 36057","BED AND BREAKFAST",0,"www.cadelventoitaly.com","0444533618 - 3381392316","cadelvento@hotmail.com",True,False,True,False,True,False,False,False,"45.5079282","11.5489551","Vicenza"
1147,"B&B AL BUCANEVE - ASIAGO","ASIAGO","Via Brigata Piemonte 46, ASIAGO 36012","BED AND BREAKFAST",0,"www.bebasiago.wordpress.com","3282845249 - 3288457952 - 042464287","albucaneveasiago@hotmail.it",True,False,True,False,False,False,False,False,"45.873189","11.5018338","Vicenza"
1149,"VILLA TRAMONTI","BASSANO DEL GRAPPA","Via San Francesco 5, BASSANO DEL GRAPPA 36061","BED AND BREAKFAST",0,"www.villa-tramonti.com","0424525001 - 3287141329","info@villa-tramonti.com",True,False,True,False,True,False,False,False,"45.7733637","11.7387518","Vicenza"
1152,"DOWNTOWN B&B","BASSANO DEL GRAPPA","Vicolo Menarola 15, BASSANO DEL GRAPPA 36061","BED AND BREAKFAST",0,"","0424521885","downtownbb@tiscali.it",True,False,False,False,False,True,False,False,"45.7675044","11.7328491","Vicenza"
1156,"BASSIANO BED AND BREAKFAST","BASSANO DEL GRAPPA","Via Motton 101, BASSANO DEL GRAPPA 36061","BED AND BREAKFAST",0,"","042434098 - 3394524447","bassianobb@libero.it",True,False,True,False,True,True,False,False,"45.7883187","11.7327003","Vicenza"
1165,"B&B SINBALLO","CAMISANO VICENTINO","Via Bosco di Sopra 4, CAMISANO VICENTINO 36043","BED AND BREAKFAST",0,"www.sinballo.com","0444719045","info@sinballo.com",True,False,True,False,False,True,False,False,"45.5390799","11.675235","Vicenza"
1173,"B&B PARAISO","CREAZZO","Via Paraiso 7, CREAZZO 36051","BED AND BREAKFAST",0,"www.bbparaiso.it","0444522346","bb.paraiso@libero.it",True,True,True,False,False,False,False,False,"45.5405419","11.463962","Vicenza"
1175,"KEMPLEN","GALLIO","Via Kemplen 2, GALLIO 36032","BED AND BREAKFAST",0,"","0424463125","vittorio.stella@ntrnet.it",True,False,True,False,False,False,False,False,"45.8701753","11.5483012","Vicenza"
1179,"BEDNROSES","ISOLA VICENTINA","Via Valdissera 96, ISOLA VICENTINA 36033","BED AND BREAKFAST",0,"","0444975190 - 3295662445","inisfri@alice.it",True,False,True,False,True,False,False,False,"45.6250433","11.4289606","Vicenza"
1186,"LA MANDRUNA","LUSIANA","Via Sciessere 57, LUSIANA 36046","BED AND BREAKFAST",0,"web.tiscali.it/lamandruna","0424406064","roomserviceronzani@libero.it",True,False,True,False,False,True,False,False,"45.7837506","11.5715672","Vicenza"
1194,"B&B IN COLLINA","MAROSTICA","Via Val Bella Alta 15, MAROSTICA 36063","BED AND BREAKFAST",0,"www.locandavalbella.it","0424780377","info@locandavalbella.it",True,False,True,False,True,False,False,False,"45.766992","11.6432871","Vicenza"
1203,"AI TRE ARCHI","NOVE","Via Venere 11, NOVE 36055","BED AND BREAKFAST",0,"aitrearchi@blogspot.com","0424780619 - 0424828368 - 3471013826","aitrearchi@gmail.com",True,False,True,False,False,True,False,False,"45.7282234","11.6821049","Vicenza"
1204,"IL GERANIO","PIANEZZE","Via Oldelle 4/a, PIANEZZE 36060","BED AND BREAKFAST",0,"www.ilgeranio.it","0424781119-3387527548","info@ilgeranio.it",True,False,False,False,True,False,False,False,"45.741381","11.6330033","Vicenza"
1205,"VILLA DEL SOLE","PIANEZZE","Via XXV Aprile 20, PIANEZZE 36060","BED AND BREAKFAST",0,"www.villadelsole.net","3493561747","bordignon.prisca@villadelsole.net",True,True,True,False,False,True,False,False,"45.7400978","11.6381832","Vicenza"
1211,"B&B VILLA GHISELLI","POVE DEL GRAPPA","Via degli Ulivi 1, POVE DEL GRAPPA 36020","BED AND BREAKFAST",0,"www.ghiselli.net","042480519 - 3396380884","bedandbreakfast@ghiselli.net",True,False,True,False,False,False,False,False,"45.8029266","11.7307672","Vicenza"
1218,"LA VETTA","ROANA","Via Trieste 49, ROANA 36010","BED AND BREAKFAST",0,"www.bbasiago.it","3391249770","info@bbasiago.it",True,False,False,False,False,False,False,False,"45.8801479","11.4869462","Vicenza"
1220,"B&B LE STRIE","ROANA","Via Sculazzon 12, ROANA 36010","BED AND BREAKFAST",0,"","3475019702","",True,False,True,False,False,False,False,False,"45.8429225","11.4275489","Vicenza"
1222,"LE FATE CORBEZZOLE","ROMANO DEZZELINO","Via Marze 18/a, ROMANO DEZZELINO 36060","BED AND BREAKFAST",0,"www.corbezzole.it","3486940158","info@corbezzole.it",True,True,True,False,True,False,False,False,"45.7688807","11.7753584","Vicenza"
1223,"LIONS","PIOVENE ROCCHETTE","Via Papa Giovanni XXIII 2, PIOVENE ROCCHETTE 36013","BED AND BREAKFAST",0,"","0445650021","650021@gmail.com",True,False,True,False,False,False,False,False,"45.7597481","11.4365229","Vicenza"
1226,"BED AND BREAKFAST ROTZO","ROTZO","Via Capovilla 30, ROTZO 36010","BED AND BREAKFAST",0,"www.bedbreakfast-rotzo.com","0424691169","info@bedbreakfast-rotzo.com",True,False,True,False,True,True,False,False,"45.861644","11.3948529","Vicenza"
1227,"CASA VENETA","SANDRIGO","Via Europa 2, SANDRIGO 36066","BED AND BREAKFAST",0,"","0444659252 - 3283363994","apozzato@libero.it",True,False,True,False,False,False,False,False,"45.6512945","11.5989467","Vicenza"
1232,"B&B LA SOFFITTA","SCHIO","Vicolo Leogretta 6, SCHIO 36015","BED AND BREAKFAST",0,"www.bblasoffitta.it","0445519084","info@bblasoffitta.it",True,False,True,False,False,False,False,False,"45.6901976","11.3985196","Vicenza"
1233,"B&B MARIANO","SCHIO","Via Aste 60, SCHIO 36015","BED AND BREAKFAST",0,"","0445530973","vincemartino@tin.it",True,False,True,False,False,False,False,False,"45.7303947","11.3407371","Vicenza"
1235,"B&B AI CASTELLI","SOVIZZO","Via degli Olmi 6A, SOVIZZO 36050","BED AND BREAKFAST",0,"http://www.bandb-veneto.it/kokonor/img_bandb/schede/castelli.html","0444572671 - 3771148270","m.anaclerio@tin.it",True,True,True,False,False,True,False,False,"45.5139194","11.4479829","Vicenza"
1240,"FORTUNA","TORRI DI QUARTESOLO","Via Udine 63, TORRI DI QUARTESOLO 36040","BED AND BREAKFAST",0,"www.fortunabedandbreakfast.com","0444381101 - 3474116372","rita_raimondi@alice.it",True,True,True,False,False,False,False,False,"45.5180254","11.6244332","Vicenza"
1244,"B&B URBANI","VALDAGNO","Via Figigola 37, VALDAGNO 36078","BED AND BREAKFAST",0,"","0445407876","bblucianaurbani@libero.it",True,False,True,False,False,False,False,False,"45.6404934","11.2891761","Vicenza"
1248,"LA SISILLA","VALLI DEL PASUBIO","Via Ertele 14, VALLI DEL PASUBIO 36030","BED AND BREAKFAST",0,"","0445630466","",True,False,False,False,False,False,False,False,"45.7393692","11.2559748","Vicenza"
1250,"AI TRE DAINI","VICENZA","Via Coltura del Tesina 50, VICENZA 36100","BED AND BREAKFAST",0,"www.aitredaini.com","0444510407 - 3490514800","info@aitredaini.com",True,False,False,False,False,True,False,False,"45.5609089","11.5847518","Vicenza"
1259,"BOB AND JENNYS BED AND BREAKFAST","VICENZA","Borgo Berga 140, VICENZA 36100","BED AND BREAKFAST",0,"www.bed-breakfast-italy.com","0444320884 - 3355729190","bed@bed-breakfast-italy.com",True,False,True,False,False,False,False,False,"45.5386015","11.5560302","Vicenza"
1267,"B&B GIULIANA","VICENZA","Via Sicilia 82, VICENZA 36100","BED AND BREAKFAST",0,"","0444533170","giuliana.baron@libero.it",True,False,True,False,True,False,False,False,"45.5122605","11.5636482","Vicenza"
1281,"CA DELLORTOLAN","VILLAGA","Via Villa 22, VILLAGA 36020","BED AND BREAKFAST",0,"www.cadellortolan.it","0444885245","cadellortolan@libero.it",True,True,True,False,True,True,False,False,"45.3855502","11.5140784","Vicenza"
1282,"ORLANDI MARIA LUISA","ZERMEGHEDO","Via Mieli 6, ZERMEGHEDO 36050","BED AND BREAKFAST",0,"www.bbmarialuisa.it","0444685081","info@bbmarialuisa.it",True,True,True,False,False,False,False,False,"45.4709883","11.370774","Vicenza"
3518,"ALLA VIGNA","ALBETTONE","Via Melia 9, ALBETTONE 36020","ALBERGO",1,"www.albergoallavigna.it","0444790020","albergo.rist.allavigna@gmail.com",True,False,True,True,False,False,False,False,"45.356214","11.614183","Vicenza"
3520,"LOCANDA TAVERNELLE","ALTAVILLA VICENTINA","Via Verona 6, ALTAVILLA VICENTINA 36077","ALBERGO",2,"www.albergoristorantetavernelle.com","0444370862","info@albergotavernelle.it",True,True,True,True,True,False,False,False,"45.5096389","11.4462043","Vicenza"
3523,"BEST WESTERN HOTEL TRE TORRI","ALTAVILLA VICENTINA","Via Tavernelle 71, ALTAVILLA VICENTINA 36077","ALBERGO",4,"www.hoteltretorri.it","0444572411","info@hoteltretorri.it",True,True,True,True,True,False,False,True,"45.5140355","11.4584854","Vicenza"
3525,"PONTE NUOVO","ALTISSIMO","Via Molino 33, ALTISSIMO 36070","ALBERGO",2,"www.pontenuovo.it","0444687605","info@pontenuovo.it",True,True,True,True,False,False,False,False,"45.6120053","11.2350355","Vicenza"
3528,"VILLA MICHELANGELO","ARCUGNANO","Via Sacco 35, ARCUGNANO 36057","ALBERGO",4,"www.hotelvillamichelangelo.com","0444550300","reservation.michelangelo@royaldemeure.com",True,True,True,True,True,False,False,False,"45.4962337","11.548719","Vicenza"
3529,"HOTEL GAMBINI","ARCUGNANO","Via S. Bernardino 64, ARCUGNANO 36057","ALBERGO",2,"","0444550030","matteo78rappo@gmail.com",True,False,True,True,False,False,False,False,"45.4774728","11.5043547","Vicenza"
3533,"ITALIA RISORTA","ARSIERO","Piazza F. Rossi 20, ARSIERO 36011","ALBERGO",3,"","0445740345","italia.risorta@virgilio.it",True,False,True,True,True,False,False,False,"45.8032572","11.3499454","Vicenza"
3534,"LA VIGNETA","ARSIERO","Via Dei Longhi 17, ARSIERO 36011","ALBERGO",3,"","0445714263","lavigneta@libero.it",True,True,True,True,True,False,False,False,"45.8088053","11.3605629","Vicenza"
3537,"LOCANDA CASTAGNA","ARZIGNANO","Via Riotorto 50, ARZIGNANO 36071","ALBERGO",2,"www.locandacastagna.com","0444671063","info@locandacastagna.com",True,True,True,True,False,False,False,False,"45.5306146","11.3337436","Vicenza"
3539,"ORTHAL","ASIAGO","Via Orthal 6, ASIAGO 36012","ALBERGO",2,"www.orthal.it","0424462119","info@orthal.it",True,False,True,True,True,True,True,False,"45.8556318","11.4994107","Vicenza"
3540,"CAMPOMEZZAVIA","ASIAGO","Via Campomezzavia 39, ASIAGO 36012","ALBERGO",2,"www.campomezzavia.it","0424700189","info@campomezzavia.it",True,False,True,True,False,False,False,False,"45.8358727","11.5698923","Vicenza"
3543,"ALPI","ASIAGO","Corso IV Novembre 6/8, ASIAGO 36012","ALBERGO",2,"www.hotelalpiasiago.it","0424462662","info@hotelalpiasiago.it",True,False,False,True,False,False,False,False,"45.8749057","11.5092857","Vicenza"
3545,"LINTA PARK HOTEL","ASIAGO","Via Linta 6, ASIAGO 36012","ALBERGO",4,"www.lintaparkhotel.com","0424462753","info@lintaparkhotel.com",True,False,True,True,True,True,True,True,"45.8661866","11.5183641","Vicenza"
3546,"MIRAMONTI","ASIAGO","Via Kaberlaba 9, ASIAGO 36012","ALBERGO",3,"www.hotelmiramontiasiago.it","0424462526","info@hotelmiramontiasiago.it",True,False,True,True,False,False,False,False,"45.8463378","11.4948613","Vicenza"
3551,"VESCOVI","ASIAGO","Via Don Viero 80, ASIAGO 36012","ALBERGO",3,"www.albergovescovi.com","0424462614","info@albergovescovi.com",True,False,True,True,True,False,True,False,"45.86646935","11.5092970997636","Vicenza"
3556,"AURORA","ASIAGO","Via Ebene 71, ASIAGO 36012","ALBERGO",2,"www.locandaurora.it","0424462469","aurora@telemar.net",True,False,True,True,False,True,False,False,"45.8841233","11.5183805","Vicenza"
3558,"PENNAR","ASIAGO","Via Pennar 239, ASIAGO 36012","ALBERGO",2,"www.pennarhotel.it","0424462371","info@pennarhotel.it",True,False,True,True,False,False,False,False,"45.86213185","11.5403016054145","Vicenza"
3560,"RELAX HOTEL ERICA","ASIAGO","Via Giuseppe Garibaldi 55, ASIAGO 36012","ALBERGO",3,"www.hotelerica.it","0424462113","info@hotelerica.it",True,False,True,True,False,False,False,False,"45.8721649","11.5098077","Vicenza"
3568,"LA BAITA","ASIAGO","Via Treviso 25, ASIAGO 36012","ALBERGO",2,"www.albergolabaita.it","3492711500","info@albergolabaita.it",True,False,True,True,True,True,False,False,"45.8564606","11.5005818","Vicenza"
3569,"RUTZER","ASIAGO","Via Berga 130, ASIAGO 36012","ALBERGO",3,"www.rutzer.com","0424462591","info@rutzer.com",True,False,True,True,False,False,False,False,"45.8779298","11.4973347","Vicenza"
3571,"GARNI RENDOLA","ASIAGO","Via Rendola 41, ASIAGO 36012","ALBERGO",3,"www.albergorendola.it","0424464148","info@albergorendola.it",True,False,True,True,True,False,False,False,"45.880705","11.5277134","Vicenza"
3572,"SPORTING DEPENDANCE","ASIAGO","Viale Matteotti , ASIAGO 36012","ALBERGO",3,"www.sportingasiago.com","0424462177","info@sportingasiago.com",True,False,True,False,True,False,True,True,"45.8717303","11.5117138","Vicenza"
3573,"MIRAMONTI DEPANDANCE","ASIAGO","Via Orthal , ASIAGO 36012","ALBERGO",2,"www.hotelmiramontiasiago.it","0424462526","info@hotelmiramontiasiago.it",True,False,True,False,False,False,False,False,"45.8556318","11.4994107","Vicenza"
3574,"MELTAR BOUTIQUE HOTEL","ASIAGO","Via Meltar 1, ASIAGO 36012","ALBERGO",4,"www.meltarhotel.com","0424464939 - 0424460626","info@meltarhotel.com",True,False,True,True,False,False,True,True,"45.85593395","11.5359721033059","Vicenza"
3576,"AL BASSANELLO","BASSANO DEL GRAPPA","Via Trozzetti 2, BASSANO DEL GRAPPA 36061","ALBERGO",3,"www.albergoalbassanello.com","042435347","info@albergoalbassanello.com",True,True,True,True,False,False,False,False,"45.7646565","11.74343","Vicenza"
3578,"AL CAMIN","CASSOLA","Via Valsugana 64, CASSOLA 36022","ALBERGO",4,"www.hotelalcamin.com","0424566134","info@hotelalcamin.com",True,True,True,True,False,False,False,False,"45.7437977","11.7543339","Vicenza"
3580,"POSITANO","BASSANO DEL GRAPPA","Viale Asiago 194/196, BASSANO DEL GRAPPA 36061","ALBERGO",3,"www.hotelpositanobassano.it","0424502060","info@hotelpositanobassano.it",True,False,True,True,True,False,False,False,"45.769075","11.7149997","Vicenza"
3584,"AL CASTELLO","BASSANO DEL GRAPPA","Via Bonamigo 19, BASSANO DEL GRAPPA 36061","ALBERGO",3,"www.hotelalcastello.it","0424228665","info@hotelalcastello.it",True,True,True,False,False,False,False,False,"45.7687933","11.7335699","Vicenza"
3585,"BRENNERO","BASSANO DEL GRAPPA","Via Torino 7, BASSANO DEL GRAPPA 36061","ALBERGO",3,"www.hotelbrennero.com","0424228538","info@hotelbrennero.com",True,True,True,False,True,False,False,False,"45.7693924","11.7385504","Vicenza"
3589,"LE SORGENTI","BOLZANO VICENTINO","Via Acque 6 int.13, BOLZANO VICENTINO 36050","ALBERGO",3,"www.hotellesorgenti.com","0444355010","info@hotellesorgenti.com",True,True,True,False,True,False,False,False,"45.58016615","11.6057599096487","Vicenza"
3590,"LOCANDA GREGO","BOLZANO VICENTINO","Via Roma 24, BOLZANO VICENTINO 36050","ALBERGO",3,"www.locandagrego.it","0444350588","info@locandagrego.it",True,True,True,True,True,False,False,False,"45.603505","11.6218917","Vicenza"
3591,"AL TORESAN","BREGANZE","Via Zabarella 1, BREGANZE 36042","ALBERGO",3,"","0445873260 - 0445873622","albergotoresan@libero.it",True,False,True,True,False,False,False,False,"45.7153954","11.5702928","Vicenza"
3594,"LOCANDA PERINELLA","BROGLIANO","Via Bregonza 19, BROGLIANO 36070","ALBERGO",3,"www.locandaperinella.it","0445947688","hotel@locandaperinella.it",True,True,True,True,False,False,False,False,"45.5922607","11.3600876","Vicenza"
3596,"HOTEL MARCO POLO","CALDOGNO","Via Roma 26, CALDOGNO 36030","ALBERGO",3,"www.marcopolohotel.it","0444905533","info@marcopolohotel.it",True,True,True,True,False,False,False,True,"45.6112338","11.5045228","Vicenza"
3598,"CONTARINI","CAMPOLONGO SUL BRENTA","Via Contarini 1, CAMPOLONGO SUL BRENTA 36020","ALBERGO",2,"www.contarini.it","0424558164","info@contarini.it",True,False,True,True,True,False,False,False,"45.8380816","11.686379","Vicenza"
3601,"LA RUA","CARRE","Via Ca Vecchia 1, CARRE 36010","ALBERGO",3,"www.hotellarua.it","0445893088 - 0445891177","info@hotellarua.it",True,False,True,True,False,False,True,False,"45.7468589","11.4891508","Vicenza"
3604,"TRE SCALINI","CASTEGNERO","Piazza Villaganzerla , CASTEGNERO 36020","ALBERGO",1,"","0444639056","rappo.gabriele@alice.it",True,True,True,True,False,False,False,False,"45.4440178","11.6236081622425","Vicenza"
3608,"LA PIEVE","CHIAMPO","Via Pieve 69, CHIAMPO 36072","ALBERGO",4,"www.lapievehotel.it","0444421201","info@lapievehotel.it",True,True,True,True,False,False,False,False,"45.5390727","11.2870996","Vicenza"
3611,"ALLA POSTA","CISMON DEL GRAPPA","Via Roma 6, CISMON DEL GRAPPA 36020","ALBERGO",1,"","042492122","albergoallaposta@libero.it",True,False,True,True,False,False,False,False,"45.9210868","11.7296671","Vicenza"
3615,"DAL PELADO","COGOLLO DEL CENGIO","Via Centro 29, COGOLLO DEL CENGIO 36010","ALBERGO",1,"","0445880010","",True,False,True,True,False,False,False,False,"45.7813973","11.4381096","Vicenza"
3616,"LA BOCCHETTA","CONCO","Via Bocchetta 6, CONCO 36062","ALBERGO",4,"www.labocchetta.it","0424704117","labocchetta@labocchetta.it",True,True,True,True,True,True,True,True,"45.8161587","11.6094377","Vicenza"
3620,"AL CAPPELLO","CONCO","Piazza San Marco 51, CONCO 36062","ALBERGO",1,"","0424700152","albergoalcappello@gmail.com",True,False,True,True,True,False,False,False,"45.7987154","11.6059648","Vicenza"
3626,"VITTORIA","CORNEDO VICENTINO","Via Monte Verlaldo 91/93, CORNEDO VICENTINO 36073","ALBERGO",1,"","0445951470","lavoratorivittoria@gmail.com",True,True,True,True,False,False,False,False,"45.5990007","11.3653497","Vicenza"
3627,"SHANGRILA","CORNEDO VICENTINO","Via Giacomuni 62, CORNEDO VICENTINO 36073","ALBERGO",1,"","3287333522","",True,False,True,False,False,False,False,False,"45.6124624","11.3436521","Vicenza"
3628,"LOCANDA DEL BUON GUSTO","CORNEDO VICENTINO","Via Campagnola 16, CORNEDO VICENTINO 36073","ALBERGO",3,"www.locandadelbuongusto.it","0445947007","info@locandadelbuongusto.it",True,True,True,True,False,False,False,False,"45.5918445","11.3756615","Vicenza"
3629,"LOCANDA BENETTI","COSTABISSARA","Via Roma 62, COSTABISSARA 36030","ALBERGO",2,"www.locandabenetti.it","0444971052","locandabenetti@libero.it",True,True,True,True,False,False,False,False,"45.5833865","11.4842891","Vicenza"
3631,"AL CENTRO","CREAZZO","Via Olmo 47, CREAZZO 36051","ALBERGO",2,"www.albergoalcentro.it","0444520527","info@albergoalcentro.it",True,False,True,True,False,False,False,False,"45.5286576","11.4979375","Vicenza"
3633,"VERGILIUS HOTEL SPA AND BUSINESS RESORT","CREAZZO","Via Carpaneda 5, CREAZZO 36051","ALBERGO",4,"www.vergilius.it","0444523922","info@vergilius.it",True,True,True,True,True,False,True,True,"45.5354873","11.4832759","Vicenza"
3637,"CAMPANA","CRESPADORO","Via Pasquali 7, CRESPADORO 36070","ALBERGO",1,"","0444429049","freddy.bertoldi@gmail.com",True,False,True,True,False,True,False,False,"45.6314149","11.1797353","Vicenza"
3639,"LA MERIDIANA","CRESPADORO","Via Roma 58, CRESPADORO 36070","ALBERGO",2,"","0444429017","ristorante.meridiana@gmail.com",True,False,True,True,False,False,False,False,"45.618051","11.2274274989774","Vicenza"
3642,"SAN MARCO","ENEGO","Piazza San Marco 2, ENEGO 36052","ALBERGO",3,"www.hotelsanmarcoenego.it","0424490130","info@hotelsanmarcoenego.it",True,False,True,True,False,False,False,False,"45.9399056","11.7096981","Vicenza"
3643,"SETTE TESTE","ENEGO","Piazza San Marco 20, ENEGO 36052","ALBERGO",1,"","0424490112","posta@sette-teste.it",True,False,True,True,False,False,False,False,"45.9399056","11.7096981","Vicenza"
3650,"AL PINO","ENEGO","Via Stoner 53, ENEGO 36052","ALBERGO",1,"www.albergoalpinoenego.it","0424490266","info@albergoalpinoenego.it",True,False,True,True,False,True,False,False,"45.915023","11.675625","Vicenza"
3651,"PEDROCCHI","FARA VICENTINO","Via Perlena 63, FARA VICENTINO 36030","ALBERGO",2,"www.hotelpedrocchi.it","0445851194","info@hotelpedrocchi.it",True,False,True,True,False,False,False,False,"45.7317114","11.5827071","Vicenza"
3658,"CONCORDIA","GALLIO","Via Roma 3, GALLIO 36032","ALBERGO",2,"","0424445017","hotelconcordiagallio@tiscali.it",True,False,False,True,False,False,False,False,"45.8921595","11.550576","Vicenza"
3662,"ISETTA","GRANCONA","Via Pederiva 96, GRANCONA 36040","ALBERGO",2,"www.trattoriaalbergoisetta.it","0444889521","info@trattoriaalbergoisetta.it",True,True,True,True,False,False,False,False,"45.4188505","11.4594994","Vicenza"
3664,"IL CENTRALE","GRISIGNANO DI ZOCCO","Via Roma 4, GRISIGNANO DI ZOCCO 36040","ALBERGO",2,"","0444320921","sebailcentrale@libero.it",True,True,True,True,False,False,False,False,"45.47542255","11.7006626393978","Vicenza"
3676,"CORTE QUADRI","LONIGO","Via Pontespin 17/L, LONIGO 36045","ALBERGO",3,"www.cortequadri.it","0444834008","hotel@cortequadri.it",True,True,True,True,True,True,False,False,"45.3785733","11.3704506","Vicenza"
3677,"AL SOLE","LUSIANA","Via Sette Comuni 2, LUSIANA 36046","ALBERGO",1,"","0424406004","antocallegari@yahoo.it",True,False,True,True,False,False,False,False,"45.7854834","11.5750401","Vicenza"
3678,"DIANA","LUSIANA","Via Europa 5, LUSIANA 36046","ALBERGO",1,"","0424406016","emmecant@tiscali.it",True,False,True,True,False,False,False,False,"45.784202","11.5736376","Vicenza"
3685,"SAN TOMIO","MALO","Via Vicenza 103, MALO 36034","ALBERGO",2,"","0445588306","info@albergosantomio.it",True,True,True,True,False,False,False,False,"45.6455509","11.4265667","Vicenza"
3686,"IL QUADRIFOGLIO","MARANO VICENTINO","Viale Europa 102, MARANO VICENTINO 36035","ALBERGO",2,"www.albergoilquadrifoglio.it","0445622922","info@albergoilquadrifoglio.it",True,False,True,True,False,False,False,False,"45.6939217","11.4476898","Vicenza"
3688,"LA ROSINA","MAROSTICA","Via Marchetti 4, MAROSTICA 36063","ALBERGO",3,"www.larosina.it","0424470360","info@larosina.it",True,True,True,True,False,False,False,False,"45.7754979","11.6640271","Vicenza"
3691,"EUROPA","MAROSTICA","Viale Stazione 5/a, MAROSTICA 36063","ALBERGO",3,"www.hoteleuropa.biz","042477842","info@hoteleuropa.biz",True,True,True,True,True,False,False,False,"45.7459139","11.6585377","Vicenza"
3692,"DUE MORI","MAROSTICA","Corso Mazzini 73, MAROSTICA 36063","ALBERGO",3,"www.duemori.com","0424471777","info@duemori.com",True,True,True,False,False,False,False,False,"45.7454631","11.6539376","Vicenza"
3696,"SAN VITALE","MONTECCHIO MAGGIORE","Via Bivio San Vitale 2, MONTECCHIO MAGGIORE 36075","ALBERGO",3,"","0444698071","ristorantesanvitale@gmail.com",True,True,True,True,False,False,False,False,"45.5183244","11.3880251","Vicenza"
3697,"HOTEL CASTELLI","MONTECCHIO MAGGIORE","Viale Trieste 89, MONTECCHIO MAGGIORE 36041","ALBERGO",4,"www.hotelcastelli.it","0444697366","booking@hotelcastelli.it",True,True,True,True,True,False,False,True,"45.50641215","11.4425935858015","Vicenza"
3699,"SAN MARCO","MONTECCHIO MAGGIORE","Via Battaglia 26, MONTECCHIO MAGGIORE 36075","ALBERGO",3,"www.ilsanmarco.it","0444698417","info@ilsanmarco.it",True,True,True,True,False,False,False,False,"45.4904653","11.4362997","Vicenza"
3700,"FELIX HOTEL","MONTECCHIO MAGGIORE","Via Melaro 1, MONTECCHIO MAGGIORE 36075","ALBERGO",3,"www.felixhotel.eu","0444491026","info@felixhotel.eu",True,True,True,True,False,False,False,False,"45.4900335","11.4383524","Vicenza"
3701,"CASTAGNA HOTEL","MONTECCHIO MAGGIORE","Via Archimede 2, MONTECCHIO MAGGIORE 36075","ALBERGO",3,"www.castagnahotel.it","0444490540","info@castagnahotel.it",True,True,True,True,False,False,False,False,"45.4959165","11.4393681","Vicenza"
3702,"LOCANDA BOTELLA","MONTECCHIO MAGGIORE","Via San Bernardino 69, MONTECCHIO MAGGIORE 36075","ALBERGO",3,"www.locandabotella.it","0444607536","info@locandabotella.it",True,True,True,True,False,False,False,False,"45.5077256","11.4042988","Vicenza"
3706,"RIZZI","MONTICELLO CONTE OTTO","Via Revoloni 2, MONTICELLO CONTE OTTO 36010","ALBERGO",3,"www.hotelrizzi.it","0444946099","hotelrizzi@tin.it",True,False,True,True,True,False,False,False,"45.59839745","11.5755714985089","Vicenza"
3708,"VILLA PALMA HOTEL","MUSSOLENTE","Via Chemin Palma 30, MUSSOLENTE 36065","ALBERGO",4,"www.villapalma.eu","0424577407","info@villapalma.eu",True,True,True,True,False,False,False,False,"45.7634838","11.8041451","Vicenza"
3718,"FIOR DI LOTO","POVE DEL GRAPPA","Via Europa 17, POVE DEL GRAPPA 36020","ALBERGO",2,"www.hotelfiordiloto.com","042480314","hotelfiordiloto@gmail.com",True,False,True,True,False,False,False,False,"45.8035275","11.7186228","Vicenza"
3725,"MARGHERITA","RECOARO TERME","Via Margherita 28, RECOARO TERME 36076","ALBERGO",1,"","044575367","hotelmargherita.sm@libero.it",True,False,True,True,True,False,False,False,"45.7030759","11.2217511","Vicenza"
3728,"PARADISO","RECOARO TERME","Via Bruni 40, RECOARO TERME 36076","ALBERGO",1,"","044575719","caterina.orsato@libero.it",True,False,True,True,False,False,False,False,"45.7018209","11.2195971","Vicenza"
3738,"CARLA","RECOARO TERME","Via Campogrosso 25, RECOARO TERME 36076","ALBERGO",3,"www.hotelcarla.it","0445780700","info@hotelcarla.it",True,False,True,True,True,True,False,True,"45.7039036","11.2212397","Vicenza"
3740,"VERONA","RECOARO TERME","Via Roma 52, RECOARO TERME 36076","ALBERGO",3,"www.albergoverona.it","044575010","hotelverona@recoaroterme.com",True,False,False,True,False,False,False,False,"45.7060176","11.2297184","Vicenza"
3743,"ALL ISOLA","RECOARO TERME","Via Campogrosso 33, RECOARO TERME 36076","ALBERGO",3,"www.hotelisola.it","0445780560","info@hotelisola.it",True,False,True,True,True,False,False,False,"45.7039036","11.2212397","Vicenza"
3748,"AL MOLINO","RECOARO TERME","Via Stoccheri 39, RECOARO TERME 36076","ALBERGO",1,"","044575564","ristorante.albergo.al.molino@outlook.it",True,False,True,True,True,False,False,False,"45.699735","11.2108243","Vicenza"
3749,"CAPANNINA","RECOARO TERME","Via Bruni 42, RECOARO TERME 36076","ALBERGO",1,"www.albergocapannina.it","044575170 - 044576065","hotel.capannina@libero.it",True,False,True,True,False,False,False,False,"45.7018209","11.2195971","Vicenza"
3753,"ALLAMICIZIA","ROANA","Via Roana di Sopra 32, ROANA 36010","ALBERGO",1,"","042466014","allamicizia@gmail.com",True,False,False,True,False,False,False,False,"45.876267","11.4632777","Vicenza"
3754,"KAPPA DUE","ROANA","Via A. Campiglio 20, ROANA 36010","ALBERGO",1,"","042466089 - 042466055","ristorantek2@hotmail.it",True,False,False,True,False,False,False,False,"45.8736799","11.4373421","Vicenza"
3758,"DUE MORI","ROANA","Via XIX Maggio 10, ROANA 36010","ALBERGO",2,"","0424692014 - 0424692524","duemoridisco@virgilio.it",True,False,True,True,False,False,False,False,"45.8749201","11.4838955","Vicenza"
3760,"COL DEL SOLE","ROANA","Via Chiesa 52, ROANA 36010","ALBERGO",3,"www.coldelsole.it","0424453018","info@coldelsole.it",True,False,True,True,False,False,False,False,"45.8394533","11.4294217","Vicenza"
3763,"BELMONTE","ROANA","Via Fondi 15, ROANA 36010","ALBERGO",3,"www.albergobelmonte.it","0424694009","info@albergobelmonte.it",True,False,True,True,True,False,False,False,"45.8398637","11.4324854","Vicenza"
3765,"VECCHIA STAZIONE","ROANA","Via Roma 147, ROANA 36010","ALBERGO",3,"www.allavecchiastazione.it","0424692009","info@allavecchiastazione.it",True,False,True,True,False,False,True,True,"45.8626933","11.4722006187256","Vicenza"
3766,"PARADISO (DIPENDENZA)","ROANA","Via XXV Aprile 20, ROANA 36010","ALBERGO",2,"www.hotelparadisocanove.it","0424692037 - 0424692555","",True,False,True,True,True,False,False,False,"45.8647688","11.4750961","Vicenza"
3767,"TOIHOTEL","ROANA","Via Roma 23, ROANA 36010","ALBERGO",2,"www.toihotel.it","0424692020","reception@toihotel.it",True,False,True,True,False,True,False,False,"45.8626933","11.4722006187256","Vicenza"
3768,"ALBERGO TOI","ROANA","Via Trieste 8, ROANA 36010","ALBERGO",1,"","0424692157","info@albergotoi.it",True,False,False,True,False,False,False,False,"45.8801479","11.4869462","Vicenza"
3770,"TINA","ROANA","Via Magnaboschi 63, ROANA 36010","ALBERGO",2,"www.tinalbergo.it","042467045","info@tinalbergo.it",True,False,True,True,False,False,False,False,"45.8341056","11.4594312","Vicenza"
3772,"BELVEDERE","ROANA","Via Armistizio 19, ROANA 36010","ALBERGO",3,"www.belvederealtopiano.it","042467000","info@belvederealtopiano.it",True,False,True,True,True,False,False,False,"45.838686","11.4562718","Vicenza"
3773,"LA PINETA","ROANA","Via Pineta 13, ROANA 36010","ALBERGO",1,"www.lapinetacesuna.it","042467243","info@lapinetacesuna.it",True,False,True,False,False,True,False,False,"45.8370846","11.463107","Vicenza"
3774,"AL SOLE","ROANA","Via Magnaboschi 27, ROANA 36010","ALBERGO",2,"www.telemar.it/alsole","042467023 - 042467016","alsole@telemar.it",True,False,True,True,False,False,False,False,"45.8341056","11.4594312","Vicenza"
3775,"ALLA POSTA","ROANA","Via Maggiore 21, ROANA 36010","ALBERGO",1,"","042466029","hotelpostaroana@yahoo.it",True,False,True,True,False,False,False,False,"45.8759821","11.4562416","Vicenza"
3776,"PARADISO","ROANA","Via Roma 5, ROANA 36010","ALBERGO",2,"www.hotelparadisocanove.it","0424692037","",True,False,True,True,True,False,False,False,"45.8626933","11.4722006187256","Vicenza"
3777,"CASA CIARDI","ROANA","Via Bellocchio 1, ROANA 36010","ALBERGO",1,"www.albergociardi.it","0424692017","info@albergociardi.it",True,False,True,True,False,True,False,False,"45.8662456","11.4764817","Vicenza"
3781,"BAITA LAGHETTO","ROANA","Via Laghetto 69, ROANA 36010","ALBERGO",2,"www.spillek.com","042466062","info@spillek.com",True,False,True,True,False,False,False,False,"45.88981765","11.4607404843876","Vicenza"
3784,"ELSINOR","ROMANO DEZZELINO","Via Meneghetti 5, ROMANO DEZZELINO 36060","ALBERGO",1,"","0424833597","ciakbar@gmail.com",True,True,True,True,True,False,False,False,"45.8018598","11.7578618","Vicenza"
3785,"SAN MARCO","ROSA","Via Mazzini 72, ROSA 36027","ALBERGO",1,"www.albergosanmarco.eu","042485056","info@sanmarco-1953.com",True,True,True,True,False,False,False,False,"45.6396984","8.1510644","Vicenza"
3786,"AL FIORE","ROSA","Via Domiziana 1, ROSA 36027","ALBERGO",2,"","0424565061","cervellindenis@virgilio.it",True,False,True,True,True,False,False,False,"45.7035943","11.7514522","Vicenza"
3787,"HOTEL VIRGINIA","SANDRIGO","Via Monte Grappa 38, SANDRIGO 36066","ALBERGO",2,"","0444659042","info@virginia-hotel.it",True,False,True,True,True,False,False,False,"45.6627328","11.6037062","Vicenza"
3788,"HOTEL IL CANOVA","SANDRIGO","Via Della Repubblica 25, SANDRIGO 36066","ALBERGO",4,"www.hotelilcanova.com","0444751278","info@hotelilcanova.com",True,True,True,True,True,False,True,True,"45.652016","11.5821661","Vicenza"
3789,"SCALDAFERRO","SANDRIGO","Via Scaldaferro 3/5, SANDRIGO 36066","ALBERGO",3,"www.hotelscaldaferro.it","0444462669 - 0444462186","info@osteriascaldaferro.it",True,True,True,True,False,False,False,False,"45.6568991","11.6632128","Vicenza"
3791,"LOCANDA EL PIRON","SAN PIETRO MUSSOLINO","Via Papa Giovanni XXIII 2, SAN PIETRO MUSSOLINO 36070","ALBERGO",1,"","0444687228","giuliana.faggiana@alice.it",True,False,True,True,False,False,False,False,"45.5825616","11.2622875","Vicenza"
3793,"DUCA DESTE","SANTORSO","Via Giuseppe Caselin 4 - 6, SANTORSO 36014","ALBERGO",3,"www.ducadeste.net","0445540210","info@ducadeste.net",True,False,True,False,False,False,False,False,"45.7300448","11.3898055","Vicenza"
3794,"DUE MORI","SAN VITO DI LEGUZZANO","Via San Girolamo 11, SAN VITO DI LEGUZZANO 36030","ALBERGO",2,"www.trattoriaduemori.it","0445511611-0445671635","info@trattoriaduemori.it",True,True,True,True,False,False,False,False,"45.6838621","11.375508","Vicenza"
3795,"HOTEL IL PIRATA","SAN VITO DI LEGUZZANO","Via Schio 74, SAN VITO DI LEGUZZANO 36030","ALBERGO",2,"","0445511315","rpilpirata@hotmail.it",True,False,True,True,False,False,False,False,"45.6837555","11.3997869","Vicenza"
3798,"NORIS","SCHIO","Viale DellIndustria 125, SCHIO 36015","ALBERGO",3,"www.hotelnoris.it","0445575535","info@hotelnoris.it",True,True,True,True,True,False,False,False,"45.7101008","11.3716104","Vicenza"
3808,"SAN GIOVANNI","SOLAGNA","Via Collalto 28, SOLAGNA 36020","ALBERGO",1,"www.collialti.it","0424556008","info@collialti.it",True,False,True,True,False,True,False,False,"45.8161785","11.7234317","Vicenza"
3810,"IL TINELLO COUNTRY HOTEL","SOLAGNA","Via Torre 1, SOLAGNA 36020","ALBERGO",3,"www.iltinello.net","042480467 - 3487272970","info@iltinello.net",True,True,True,True,True,False,False,False,"45.8075931","11.7181917","Vicenza"
3813,"ALBERGO DUE MORI","SOSSANO","Via Roma 10, SOSSANO 36040","ALBERGO",1,"www.albergoristoranteduemori.com","0444781047","ristorante.duemori@tiscali.it",True,True,True,True,True,False,False,False,"45.3573085","11.5081244","Vicenza"
3814,"PARK HOTEL ITALIA","TEZZE SUL BRENTA","Via Villa 89, TEZZE SUL BRENTA 36056","ALBERGO",3,"www.parkhotelitalia.it","0424539444","info@parkhotelitalia.it",True,True,True,True,True,False,False,True,"45.6830461","11.7120348","Vicenza"
3815,"VILLA PIGALLE","TEZZE SUL BRENTA","Via Nazionale 161, TEZZE SUL BRENTA 36056","ALBERGO",4,"www.hotelpigalle.it","0424560412","info@villapigalle.it",True,True,True,True,True,True,False,False,"45.6920704","11.7709971","Vicenza"
3816,"NAZIONALE","TEZZE SUL BRENTA","Via Nazionale 74, TEZZE SUL BRENTA 36056","ALBERGO",1,"","0424560960","hotel@riondatoester.191.it",True,True,True,True,False,False,False,False,"45.6851487","11.7730067","Vicenza"
3817,"CENTRALE","TEZZE SUL BRENTA","Viale Brenta 2, TEZZE SUL BRENTA 36056","ALBERGO",2,"","0424898723","albergoristorantecentrale@gmail.com",True,True,True,True,False,False,False,False,"45.6830891","11.7025194","Vicenza"
3818,"SOLE VECIO","THIENE","VIA TRIESTE 18, THIENE 36016","ALBERGO",2,"www.albergosolevecio.it","0445361661","info@albergosolevecio.it",True,False,False,True,False,False,False,False,"45.7082124","11.483736","Vicenza"
3820,"ARIANE","THIENE","Via Cappuccini 9, THIENE 36016","ALBERGO",3,"www.hotelariane.it","0445362982","info@hotelariane.it",True,True,True,True,False,False,False,False,"45.699846","11.4678763277723","Vicenza"
3822,"BELVEDERE","THIENE","Via Val Posina 71, THIENE 36016","ALBERGO",3,"www.belvederethiene.com","0445361605","info@belvederethiene.com",True,False,True,True,False,False,False,False,"45.71567975","11.4709193674835","Vicenza"
3826,"VICENZA","TONEZZA DEL CIMONE","Via degli Alpini 44, TONEZZA DEL CIMONE 36040","ALBERGO",2,"www.albergovicenza.it","0445749061","info@albergovicenza.it",True,False,True,True,True,False,False,False,"45.863032","11.341068","Vicenza"
3835,"HOTEL PIRAMIDI","TORRI DI QUARTESOLO","Via Brescia 20, TORRI DI QUARTESOLO 36040","ALBERGO",3,"www.hotelpiramidi.com","0444267466","info@hotelpiramidi.com",True,True,True,False,False,False,False,False,"45.5077442","11.6248869","Vicenza"
3836,"LOCANDA MASIERI","TRISSINO","Via Masieri 16, TRISSINO 36070","ALBERGO",3,"www.camasieri.com","0445490122","info@camasieri.com",True,False,True,True,True,True,False,False,"45.5516686","11.3485728","Vicenza"
3838,"AL MUNICIPIO","TRISSINO","Via Roma 5, TRISSINO 36070","ALBERGO",2,"","0445491647","almunicipiotrissino@gmail.com",True,False,False,True,False,False,False,False,"45.5637297","11.3751219","Vicenza"
3839,"LOCANDA BELVEDERE","VALDAGNO","Via Chiesa 6, VALDAGNO 36078","ALBERGO",1,"","0445970070","lorenzi.belvedere@gmail.com",True,False,True,True,False,False,False,False,"45.6139087","11.3021364","Vicenza"
3840,"ALPESTRE","VALDAGNO","Contrada Lago 25, VALDAGNO 36078","ALBERGO",2,"www.alpestre.it","0445970082","info@ristorantealbergoalpestre.it",True,False,True,True,False,False,False,False,"45.6307367","11.2569758","Vicenza"
3845,"LOCANDA BELVEDERE","VALLI DEL PASUBIO","Via Roma 26, VALLI DEL PASUBIO 36030","ALBERGO",3,"","0445590165","locandabelvedere@alice.it",True,True,True,True,False,False,False,False,"45.7416542","11.2596772","Vicenza"
3852,"ACAMPORA","VICENZA","Viale della Pace 32, VICENZA 36100","ALBERGO",2,"www.albergoacampora.it","0444504467","info@albergoacampora.it",True,True,True,True,False,False,False,False,"45.5446724","11.566914","Vicenza"
3853,"CAMPO MARZIO","VICENZA","Viale Roma 21/27, VICENZA 36100","ALBERGO",4,"www.hotelcampomarzio.com","0444545700","info@hotelcampomarzio.com",True,True,True,True,True,False,False,False,"45.6340600545455","11.5474282636364","Vicenza"
3856,"ALFA FIERA HOTEL","VICENZA","Via DellOreficeria 50, VICENZA 36100","ALBERGO",4,"www.alfafierahotel.it","0444565455","info@alfafierahotel.it",True,True,True,False,True,False,False,False,"45.5303998","11.5078591","Vicenza"
3857,"HOTEL VIEST","VICENZA","Via U. Scarpelli 41, VICENZA 36100","ALBERGO",4,"www.viest.it","0444582677","info@viest.it",True,True,True,True,True,False,False,False,"45.5185624","11.602859","Vicenza"
3858,"DA PORTO HOTEL","VICENZA","Viale del Sole 142, VICENZA 36100","ALBERGO",4,"www.hoteldaporto.com","0444964848","info@hoteldaporto.com",True,True,True,True,True,False,False,False,"45.5507302","11.5127626","Vicenza"
3860,"VICTORIA","VICENZA","Strada Padana verso PD 52, VICENZA 36100","ALBERGO",4,"www.hotelvictoriavicenza.com","0444912299","info@hotelvictoriavicenza.com",True,True,True,True,False,True,False,True,"45.5296803","11.5952184154836","Vicenza"
3861,"HOTEL MARY","VICENZA","Viale Camisano 28, VICENZA 36100","ALBERGO",3,"www.hotelmaryvicenza.it.","0444300855","info@hotelmaryvicenza.it",True,True,True,False,True,False,False,False,"45.5400733","11.5834328","Vicenza"
3862,"ARIES","VICENZA","Via L. da Vinci 28, VICENZA 36100","ALBERGO",3,"www.arieshotel.it","0444239239","aries@arieshotel.it",True,True,True,True,True,False,False,False,"45.5150837","11.7072732","Vicenza"
3863,"LA TERRAZZA","VICENZA","Via A. Rossi 86, VICENZA 36100","ALBERGO",2,"www.laterrazzahotelvicenza.com","0444283428","info@laterrazzahotelvicenza.com",True,True,True,False,True,False,False,False,"45.711292","11.3498462","Vicenza"
3870,"G BOUTIQUE HOTEL","VICENZA","Viale Giuriolo 10, VICENZA 36100","ALBERGO",4,"www.gboutiquehotel.com","0444326458","booking@gboutiquehotel.com",True,True,True,False,True,False,False,False,"45.5479794","11.5499128","Vicenza"
3872,"SAN RAFFAELE","VICENZA","Viale X Giugno 10, VICENZA 36100","ALBERGO",2,"www.albergosanraffaele.it","0444545767","info@albergosanraffaele.it",True,True,True,False,False,False,False,False,"45.4992653","11.4902886","Vicenza"
3873,"DAMBROS","VICENZA","Viale Anconetta 123, VICENZA 36100","ALBERGO",1,"www.lapuglieria.jimbo.com","0444023166","barrivieravicenza@yahoo.com",True,False,False,True,False,False,False,False,"45.5694065","11.5713907","Vicenza"
3876,"KEY HOTEL","VICENZA","Viale Trissino 89, VICENZA 36100","ALBERGO",3,"www.key-hotel.it","0444505476 - 0444505478","info@key-hotel.it",True,True,True,True,True,False,False,False,"45.53284385","11.3615327203054","Vicenza"
3877,"DOMUS HOTEL ADELE","VICENZA","Via Medici 36, VICENZA 36100","ALBERGO",2,"www.hoteladele.com","0444922323 - 0444922325","info@hoteladele.com",True,True,True,True,True,False,False,False,"45.6364564","11.5588725","Vicenza"
3878,"DA PORTO (DEPANDANCE)","VICENZA","Viale del Sole 142, VICENZA 36100","ALBERGO",3,"www.hoteldaporto.com","0444964848","info@hoteldaporto.com",True,True,True,True,True,False,False,False,"45.5507302","11.5127626","Vicenza"
3879,"HOTEL DE LA VILLE","VICENZA","Viale Verona 12, VICENZA 36100","ALBERGO",4,"www.hoteldelavillevicenza.com","0444549049","info@hoteldelavillevicenza.com",True,True,True,True,True,False,False,False,"45.5428453","11.5281374","Vicenza"
3881,"VICENZA TIEPOLO HOTEL","VICENZA","Viale San Lazzaro 110, VICENZA 36100","ALBERGO",4,"","0444042930","info@vicenzatiepolohotel.it",True,True,True,True,True,False,False,False,"45.5373466","11.5142845","Vicenza"
3883,"HOTEL VILLA","VILLAVERLA","Via Roma 1, VILLAVERLA 36030","ALBERGO",3,"www.hotelvilla.net","0445350396 - 0445350397","info@hotelvilla.net",True,True,True,False,False,False,True,False,"45.64343745","11.492527386287","Vicenza"
4991,"HOTEL VILLA CA SETTE","BASSANO DEL GRAPPA","Via Cunizza da Romano 4, BASSANO DEL GRAPPA 36061","ALBERGO",4,"www.ca-sette.it","0424383350","info@ca-sette.it",True,True,True,True,True,False,False,False,"45.7791316","11.7420627","Vicenza"
28223,"DEPANDANCE MARY","VICENZA","Viale Camisano 20, VICENZA 36100","ALBERGO",2,"www.hotelmaryvicenza.it","0444300855","hotelmary@libero.it",True,True,True,False,True,False,False,False,"45.5400045","11.5830179","Vicenza"
42464,"MALGA ROSSA","MUSSOLENTE","Via degli Alpini 6, MUSSOLENTE 36065","ALBERGO",3,"www.malgarossaweb.it","0424870062","info@malgarossaweb.it",True,True,True,True,False,False,False,False,"45.787522","11.7950065","Vicenza"
44601,"B&B VILLA LATTES","VICENZA","Via Pecori Girardi 29, VICENZA 36100","BED AND BREAKFAST",0,"www.webalice.it/villa.lattes","0444885407 - 3381013831","villa.lattes@alice.it",True,True,False,False,False,False,False,False,"45.7650368","11.7217126","Vicenza"
44652,"LALBICOCCO","VICENZA","Viale SantAgostino 32, VICENZA 36100","BED AND BREAKFAST",0,"","3472550283","bbalbicocco@alice.it",True,True,False,False,False,False,False,False,"45.5357787","11.5237688","Vicenza"
44655,"SAN FORTUNATO BED & BREAKFAST","BASSANO DEL GRAPPA","Via Santi Fortunato e Lazzaro 44, BASSANO DEL GRAPPA 36061","BED AND BREAKFAST",0,"www.san-fortunato.it","0424220258 - 3288651034","gianfrancolancerin@gmail.com",True,True,False,False,False,False,False,False,"45.7548813","11.7190055","Vicenza"
45019,"LA RASTE","RECOARO TERME","Via Ragazzi del 99 1, RECOARO TERME 36076","BED AND BREAKFAST",0,"www.laraste.it","3407281356","info@laraste.it",True,False,False,False,True,False,False,False,"45.704282","11.2195915","Vicenza"
45188,"B&B AL PORTICO","MAROSTICA","Via Consagrollo 54, MAROSTICA 36063","BED AND BREAKFAST",0,"www.alportico.eu","042477836 - 3803219710","info@alportico.eu",True,False,True,False,False,False,False,False,"45.7552283","11.6551542","Vicenza"
45199,"BED & BREAKFAST LA QUIETE","BRENDOLA","Piazza del Popolo 3 Int. 2/3, BRENDOLA 36040","BED AND BREAKFAST",0,"www.bedlaquiete.it","0444588141 - 335243929","info@bedlaquiete.it",True,True,True,False,False,False,False,False,"45.4720641","11.4594868","Vicenza"
45294,"B&B DA ELEONORA","TEZZE SUL BRENTA","Via Luigi Galvani 2, TEZZE SUL BRENTA 36056","BED AND BREAKFAST",0,"www.bbdaeleonora.com","3341640175 - 0424898727","info@bbdaeleonora.com",True,False,True,False,False,True,False,False,"45.6957192","11.7073919","Vicenza"
45379,"B&B BRENTA","CARTIGLIANO","Via del Carmine 26 a, CARTIGLIANO 36050","BED AND BREAKFAST",0,"www.beb-brenta.it","0424592586 - 3392052981","info@beb-brenta.it",True,False,False,False,True,True,False,False,"45.7161458","11.6967801","Vicenza"
45387,"LA CASA DI ALICE","COGOLLO DEL CENGIO","Via G. Pascoli 6, COGOLLO DEL CENGIO 36010","BED AND BREAKFAST",0,"www.alicehouse.it","0445880195 - 3355308869 - 3386197774","info@alicehouse.it",True,True,True,False,True,False,False,False,"45.7836868","11.4271772","Vicenza"
45642,"SHANTI HOUSE","BASSANO DEL GRAPPA","Via Velo 49, BASSANO DEL GRAPPA 36061","BED AND BREAKFAST",0,"www.shantihouse.spaces.live.com","3391984004 - 3281776482","",True,False,False,False,False,False,False,False,"45.7670645","11.7468812185897","Vicenza"
45747,"B&B DA BERNO","ALTAVILLA VICENTINA","Via Monte Grappa 68, ALTAVILLA VICENTINA 36077","BED AND BREAKFAST",0,"","0444288688","enricagobbo@hotmail.com�",True,True,False,False,False,False,False,False,"45.5096947","11.4912169","Vicenza"
45761,"B&B IL COMBATTENTE","GAMBUGLIANO","Via Roma 10, GAMBUGLIANO 36050","BED AND BREAKFAST",0,"","3487127565","info@ilcombattente.it",True,True,True,False,True,True,False,False,"45.5886857","11.438391","Vicenza"
46002,"B&B MAGNOLIA","BASSANO DEL GRAPPA","Via Monte Pertica 52, BASSANO DEL GRAPPA 36061","BED AND BREAKFAST",0,"","3334863132 - 0424383650","bbmagnolia2008@libero.it",True,False,False,False,False,False,False,False,"45.7766304","11.7489584","Vicenza"
46504,"CORTE DI EMMA","ARZIGNANO","Via Vignaga 37, ARZIGNANO 36071","ALBERGO",2,"www.cortediemma.it","3349218112","info@cortediemma.it",True,True,True,False,False,False,False,False,"45.5268697","11.3606747","Vicenza"
46563,"MASTRO BED & BREAKFAST","LONIGO","Via Abensberg 20, LONIGO 36045","BED AND BREAKFAST",0,"","3338164994","mastropizzaorgiano@yahoo.it",True,True,False,False,False,False,False,False,"45.373798","11.3907848","Vicenza"
46614,"AL VECCHIO ULIVO","ALTAVILLA VICENTINA","Via Torino 11, ALTAVILLA VICENTINA 36077","BED AND BREAKFAST",0,"www.alvecchioulivo.it","3481094104","info@alvecchioulivo.it",True,True,False,False,False,False,False,False,"45.512245","11.4802347","Vicenza"
46654,"LOCANDA TORRE","ISOLA VICENTINA","Via Bellavista 1, ISOLA VICENTINA 36033","ALBERGO",3,"www.locandatorre.it","0444978349","info@locandatorre.it",True,True,True,True,False,False,False,False,"45.6091132","11.4284581","Vicenza"
46699,"B&B BERICI WAY","ZOVENCEDO","Via Chiesa 8/b, ZOVENCEDO 36020","BED AND BREAKFAST",0,"www.bbbericiway.com","0444893134","info@bbbericiway.com",True,True,True,False,False,False,False,False,"45.4522447","11.4899037","Vicenza"
46747,"B&B SANTANNA","DUEVILLE","Via SantAnna 68, DUEVILLE 36031","BED AND BREAKFAST",0,"www.bedandbreakfastsantanna.com","0444591992 - 3661971732","info@bedandbreakfastsantanna.com",True,True,True,False,True,False,False,False,"45.6460567","11.5431792","Vicenza"
46850,"B&B VILLA VALERI","VICENZA","Via A. Fusinieri 66, VICENZA 36100","BED AND BREAKFAST",0,"www.villavaleri.com","3341184884","villavaleri.valeri@gmail.com",True,False,True,False,True,False,False,False,"45.5528257","11.5656423","Vicenza"
46916,"BED & BREAKFAST CLAMA UNO","ASIAGO","Via Clama 1, ASIAGO 36012","BED AND BREAKFAST",0,"www.clamauno.it","3388394987 - 3405056640","doris.rodriguez@tiscali.it",True,False,True,False,True,False,False,False,"45.8647954","11.5234563","Vicenza"
47457,"LIMBO","LONIGO","Via Madonna 100/B, LONIGO 36045","BED AND BREAKFAST",0,"","3487403880","rizza.mauro83@gmail.com",True,True,False,False,True,False,False,False,"45.3916611","11.3581571","Vicenza"
47461,"B&B TONI E CESCA","CARTIGLIANO","Via Boscaglie 2, CARTIGLIANO 36050","BED AND BREAKFAST",0,"","3408206869","jessica.anziliero@alice.it",True,False,False,False,False,True,False,False,"45.7090817","11.7041425","Vicenza"
47762,"ALL ANTICO BROLO","VICENZA","Via Saviabona 358, VICENZA 36100","BED AND BREAKFAST",0,"www.anticobrolo.com","0444507511","info@anticobrolo.com",True,True,False,False,False,False,False,False,"45.5845308","11.5662012","Vicenza"
47955,"GARNI ALBA","ROANA","Via Belmonte 45, ROANA 36010","ALBERGO",2,"www.garnialba.it","0424694042","andreapanozzo79@yahoo.it",True,False,True,False,False,False,False,False,"45.8366624","11.4261799","Vicenza"
48238,"SCHIO HOTEL","SCHIO","Via Campagnola 21/a, SCHIO 36015","ALBERGO",4,"www.schiohotel.it","0445675611","info@schiohotel.it",True,True,True,True,True,False,False,False,"45.7146321","11.3773248","Vicenza"
48471,"B&B ALLA VECCHIA STAZIONE","BARBARANO VICENTINO","Via A. Ferretto 1, BARBARANO VICENTINO 36021","BED AND BREAKFAST",0,"www.lavecchiastazionebb.com","0444886111","info@lavecchiastazionebb.com",True,True,True,False,False,False,False,False,"45.4088707","11.5476216","Vicenza"
48695,"B&B DA VIKY","MAROSTICA","Via Mantegna 12, MAROSTICA 36063","BED AND BREAKFAST",0,"www.bebdaviky.com","0424470531 - 3289727219","info@bebdaviky.com",True,True,False,False,True,False,False,False,"45.7394328","11.638783","Vicenza"
48723,"B&B BORGO CASTELLO","MAROSTICA","Via Cesare Battisti 15, MAROSTICA 36063","BED AND BREAKFAST",0,"www.borgocastello.com","3474483241 - 0424470806","info@borgocastello.com",True,True,True,False,True,False,False,False,"45.7468719","11.6553666","Vicenza"
48738,"DOLCE VITA B&B","VICENZA","Via Marani 48, VICENZA 36100","BED AND BREAKFAST",0,"","0444500022","dolcevitabed@gmail.com",True,False,True,False,True,False,False,False,"45.4863474","11.4987776","Vicenza"
49104,"BROJO HILL","LONGARE","Via Brojo 18, LONGARE 36023","BED AND BREAKFAST",0,"","0444555222 - 3484744470","info@brojohill.com",True,True,False,False,True,True,False,False,"45.4640156","11.5934434","Vicenza"
49224,"LA VILLETTA-BASSANO","CASSOLA","Via Gaidon 59, CASSOLA 36022","BED AND BREAKFAST",0,"www.lavilletta-bassano.it","3355206472","info@lavilletta-bassano.it",True,False,True,False,False,False,False,False,"45.7559605","11.7544114","Vicenza"
49277,"B&B CORNOLEO","VICENZA","Via Cornoleo 27, VICENZA 36100","BED AND BREAKFAST",0,"http://www.cornoleo.altervista.org","0444506106 - 3470869061","bbcornoleo.vicenza@hotmail.com",True,True,False,False,False,True,False,False,"45.5496205","11.5428615","Vicenza"
49474,"B&B LUXURY HOUSE","BASSANO DEL GRAPPA","Via Trieste 14, BASSANO DEL GRAPPA 36061","BED AND BREAKFAST",0,"www.luxuryhousebeb.it","3403542975","info@luxuryhousebeb.it",True,False,True,False,False,False,False,False,"45.7708509","11.7458628","Vicenza"
49486,"BENEMAX MULTISPORT ITALIA","CAMPOLONGO SUL BRENTA","Via Vialetti 110, CAMPOLONGO SUL BRENTA 36020","BED AND BREAKFAST",0,"www.benemax.biz","3931973288","benemaxmsi@hotmail.co.uk",True,False,True,False,False,False,False,False,"45.8220339","11.7082269","Vicenza"
49515,"B&B MONTECROCETTA","VICENZA","Via Pordoi 25, VICENZA 36100","BED AND BREAKFAST",0,"","0444981225 - 3282657273","beb.montecrocetta@hotmail.it",True,False,False,False,True,True,False,False,"45.562894","11.5127742","Vicenza"
49566,"B&B RELAIS MARTA","MONTEGALDA","Via Borgo 107, MONTEGALDA 36047","BED AND BREAKFAST",0,"www.relaismarta.it","3474108678","info@relaismarta.it",True,False,True,False,True,True,False,False,"45.4637072","11.6359309","Vicenza"
49971,"CASA RANIERI BARDEAU","CAMISANO VICENTINO","Via Vallalta 2, CAMISANO VICENTINO 36043","BED AND BREAKFAST",0,"www.casaranieribardeau.com","3332388206","casaranieribardeau@gmail.com",True,False,False,False,False,False,False,False,"45.5087687","11.723406","Vicenza"
49972,"B&B LA FERRATA","BREGANZE","Via San Gaetano 6/a, BREGANZE 36042","BED AND BREAKFAST",0,"www.beblaferrata.com","3395989748 - 0445873945","info@beblaferrata.com",True,True,True,False,True,True,False,False,"45.7013109","11.5875581","Vicenza"
49982,"BED & BREAKFAST LA MARTINA","AGUGLIARO","Via Madonna di Monte Berico 1, AGUGLIARO 36020","BED AND BREAKFAST",0,"www.bedandbreakfast-lamartina.it","3476942014","bedandbreakfast-lamartina@live.it",True,True,True,False,True,True,False,False,"45.3231717","11.5886604","Vicenza"
50001,"ANAIS BED & BREAKFAST","VICENZA","Via Trissino 83, VICENZA 36100","BED AND BREAKFAST",0,"www.anaisbb.com","3487295257","koleva.rada@gmail.com",True,True,False,False,False,False,False,False,"45.53284385","11.3615327203054","Vicenza"
50101,"B&B AL NUMERO 14","BASSANO DEL GRAPPA","Viale dei Martiri 14, BASSANO DEL GRAPPA 36061","BED AND BREAKFAST",0,"www.alnumero14.it","0424523744","alnumero14@gmail.com",True,False,False,False,False,False,False,False,"45.768886","11.7347171","Vicenza"
50138,"BED & BREAKFAST MAROSTICA","MAROSTICA","Via Camplani 56, MAROSTICA 36063","BED AND BREAKFAST",0,"","3392319547-042473207","info@bbmarostica.com",True,True,True,False,True,True,False,False,"45.7399266","11.6481299","Vicenza"
50167,"B&B PRUKAREN","GALLIO","Via Sisemol 8, GALLIO 36032","BED AND BREAKFAST",0,"www.prukaren.it","3471653499","welcome@prukaren.it",True,False,True,False,True,False,False,False,"45.8863737","11.5484976","Vicenza"
50199,"BED & BREAKFAST MONTE VERENA","ROANA","Via Romeo Sartori 1, ROANA 36010","BED AND BREAKFAST",0,"www.bbverena.it","3471126050 - 3498360896","info@bbverena.it",True,False,True,False,False,False,False,False,"45.8743247","11.4646688","Vicenza"
50271,"B&B CAMPO MARZIO","BASSANO DEL GRAPPA","Via Campo Marzio 58, BASSANO DEL GRAPPA 36061","BED AND BREAKFAST",0,"www.bbcampomarzio.it","0242500068 - 3381002636","campo.marzio@hotmail.it",True,False,True,False,False,False,False,False,"45.7656425","11.7322342","Vicenza"
50395,"B&B ALLA TORRE COLOMBAIA","VICENZA","Strada Bertesina 281, VICENZA 36100","BED AND BREAKFAST",0,"www.allatorrecolombaia.it","0444511476","info@allatorrecolombaia.it",True,False,False,False,False,False,False,False,"45.5578889","11.5880985","Vicenza"
50412,"VILLA OSMANTHUS B&B","VICENZA","Strada delle Cattane 2, VICENZA 36100","BED AND BREAKFAST",0,"www.bedandbreakfastosmanthus.org","0444960976 - 3339725518","bedosmanthus@alice.it",True,True,True,False,False,False,False,False,"45.5478165","11.5169501","Vicenza"
50481,"VILLA CLARA","ARCUGNANO","Via San Rocco 15, ARCUGNANO 36057","BED AND BREAKFAST",0,"","0444273477","giesse58@gmail.com",True,True,True,False,False,False,False,False,"45.3525866","11.6199636","Vicenza"
50793,"AGLI OLIVI","BASSANO DEL GRAPPA","Via dei Prati 14, BASSANO DEL GRAPPA 36061","BED AND BREAKFAST",0,"www.agliolivi.net","3409285009","crisasso3@gmail.com",True,True,False,False,True,False,False,False,"45.7662288","11.7205655","Vicenza"
50812,"B&B SERENELLA","CAMISANO VICENTINO","Via Vanzo Nuovo 84, CAMISANO VICENTINO 36043","BED AND BREAKFAST",0,"www.bbserenella.com","0444610812 - 3334654002","bbserenella@gmail.com",True,True,False,False,False,False,False,False,"45.5175139","11.7131958","Vicenza"
50935,"VIALES B&B","ALONTE","Via Cori 3, ALONTE 36040","BED AND BREAKFAST",0,"www.bbviale.it","3386138508","viale@orienteering.it",True,False,False,False,True,False,False,False,"45.3546864","11.4430148","Vicenza"
50936,"B&B LA COLOMBARA","ARCUGNANO","Via Colombara 4, ARCUGNANO 36057","BED AND BREAKFAST",0,"www.bblacolombara.it","3487059632","info@bblacolombara.it",True,False,False,False,True,False,False,False,"45.4152318","11.3603864","Vicenza"
51528,"B&B CAPPUCCINI","SCHIO","Via Cappuccini 23, SCHIO 36015","BED AND BREAKFAST",0,"www.BeBcappuccini.com","3490579820","BeBcappuccini@gmail.com",True,False,False,False,False,False,False,False,"45.7162818","11.3494502","Vicenza"
51999,"BBSESSANTUNO","CONCO","Via Cappellari 36, CONCO 36062","BED AND BREAKFAST",0,"www.bbsessantuno.it","3391828802 - 3487448469","info@bbsessantuno.it",True,False,True,False,True,False,False,False,"45.8014771","11.6113169","Vicenza"
52341,"CASA FABBRIS","SANDRIGO","Via Are 9, SANDRIGO 36066","BED AND BREAKFAST",0,"","0444659899 - 335341097","fausto.fabbris@gmail.com",True,True,False,False,True,True,False,False,"45.6562233","11.6028911","Vicenza"
52837,"GLAMOUR HOTEL","CASSOLA","Via Valsugana 90, CASSOLA 36022","ALBERGO",4,"www.hotelglamour.it","0424566765","info@hotelglamour.eu",True,True,True,True,True,False,False,True,"45.7437977","11.7543339","Vicenza"
52854,"B&B CASA MELI","THIENE","Via Rozzampia 7, THIENE 36016","BED AND BREAKFAST",0,"","0445366574","roberto1184@libero.it",True,False,False,False,False,True,False,False,"45.6866618","11.4988078","Vicenza"
52945,"B&B LE TRE GRAZIE","VICENZA","Via DellOreficeria 21, VICENZA 36100","BED AND BREAKFAST",0,"www.ristoranteletregrazie.it","3397161775","info@nigemi.it",True,True,True,False,False,False,False,False,"45.5296698","11.5045079","Vicenza"
52968,"ANNA MARIA B&B","VICENZA","Strada Longara 105, VICENZA 36100","BED AND BREAKFAST",0,"","0444530385","info@mattielloscavi.com",True,False,True,False,False,False,False,False,"45.5033454","11.5626856","Vicenza"
52982,"B&B CASA BASOTI","VALLI DEL PASUBIO","Via Pianegonda 8, VALLI DEL PASUBIO 36030","BED AND BREAKFAST",0,"www.casabasoti.it","3483948701","info@casabasoti.it",True,False,False,False,True,True,False,False,"45.7502266","11.2055543","Vicenza"
53032,"LE NOVE HOTEL","NOVE","Via Rizzi 51, NOVE 36055","ALBERGO",4,"www.lenovehotel.it","0424590947","info@lenovehotel.it",True,True,True,True,True,False,False,False,"45.7277663","11.6720527","Vicenza"
53225,"B&B IL PALAZZETTO","VICENZA","Stradella Santo Stefano 20, VICENZA 36100","BED AND BREAKFAST",0,"www.bbpalazzetto.com","0444270054","info@bbpalazzetto.com",True,True,False,False,False,False,False,False,"45.5500781","11.5462862","Vicenza"
53261,"LA MANSARDINA","TORRI DI QUARTESOLO","Via Italia Unita 95, TORRI DI QUARTESOLO 36040","BED AND BREAKFAST",0,"www.bb-lamansardina.com","0444583923 - 3484637373","mansardinabb@gmail.com",True,True,True,False,False,False,False,False,"45.5231256","11.6089768","Vicenza"
54220,"B&B CASA DE LOS AMIGOS 1","CAMISANO VICENTINO","Via Vanzo Vecchio 6, CAMISANO VICENTINO 36043","BED AND BREAKFAST",0,"www.casaamigos.net","0444611497 - 3203016477","casaamigos1@gmail.com",True,False,True,False,True,True,False,False,"45.5139208","11.7160183","Vicenza"
54601,"BED AND BREAKFAST SAN MARCO","LONIGO","Vicolo San Marco 20, LONIGO 36045","BED AND BREAKFAST",0,"www.bedandbreakfastsanmarco.it","0444830135","info@bedandbreakfastsanmarco.it",True,True,False,False,False,False,False,False,"45.3890485","11.389076","Vicenza"
54960,"CASA OTIS","MONTECCHIO MAGGIORE","Via Po 12, MONTECCHIO MAGGIORE ","BED AND BREAKFAST",0,"","0444490422","casa.otis@fastwebnet.it",True,True,False,False,False,False,False,False,"45.5028442","11.4425498","Vicenza"
55220,"A CASA MIA B&B","MAROSTICA","Via Ca Brusa 23, MAROSTICA 36063","BED AND BREAKFAST",0,"www.bbacasamia.com","3403519954","riki.criscuolo@hotmail.it",True,False,False,False,True,True,False,False,"45.7589088","11.6481529","Vicenza"
55827,"B&B LA VALLE DELLOCA","ALBETTONE","Via Val DOca 6, ALBETTONE 36020","BED AND BREAKFAST",0,"","0444795080 - 3285828605","info@lavalledelloca.it",True,True,True,False,True,False,False,False,"45.3677515","11.589092","Vicenza"
55960,"B&B KIWI","AGUGLIARO","Via Ponte Alto 2, AGUGLIARO 36020","BED AND BREAKFAST",0,"www.bb-kiwi.it","3287423428","kpicargraziano@gmail.com",True,False,True,False,True,False,False,False,"45.318743","11.5632115","Vicenza"
56041,"B&B ABC ASIAGO","ROANA","Via Verenetta 22, ROANA 36010","BED AND BREAKFAST",0,"www.bbhappydays.it","3475796283","info@bbhappydays.it",True,False,True,False,False,False,False,False,"45.9243331","11.4093917","Vicenza"
56067,"B&B ECKELE","CONCO","Via Giare 33, CONCO 36062","BED AND BREAKFAST",0,"www.eckele.it","0424704244 - 3382384431","eckele@libero.it",True,False,True,False,True,False,False,False,"45.8065428","11.6194671","Vicenza"
57180,"B&B EDITH","BASSANO DEL GRAPPA","Via Barbieri 21, BASSANO DEL GRAPPA 36061","BED AND BREAKFAST",0,"","3485323650","antoniobordin@alice.it",True,False,False,False,False,False,False,False,"45.7676652","11.7357692","Vicenza"
57300,"B&B IL CAMINO ROSSO","SANDRIGO","Via Guarniere 26, SANDRIGO 36066","BED AND BREAKFAST",0,"","0444660040","ilcaminorosso@gmail.com",True,True,True,False,True,True,False,False,"45.6560869","11.6397092","Vicenza"
57941,"CASA IRENE","TORRI DI QUARTESOLO","Via Dei Fanti 44, TORRI DI QUARTESOLO 36040","BED AND BREAKFAST",0,"","0444381358 - 3483040785","irene@ruizen.com",True,False,True,False,True,False,False,False,"45.5263497","11.6139582","Vicenza"
58480,"B&B LE PALME DORO","GRISIGNANO DI ZOCCO","Via Kennedy 87, GRISIGNANO DI ZOCCO 36040","BED AND BREAKFAST",0,"","04441447248 - 3496668934 - 3487245408","cristian.piazzo@gmail.com",True,True,True,False,True,True,False,False,"45.4680619","11.6970951","Vicenza"
58901,"SIRIO LIFE","TRISSINO","Via Belvedere 2, TRISSINO 36070","ALBERGO",3,"www.hotelsiriolifevicenza.it","0445960407","info@hotelsiriolifevicenza.it",True,False,True,True,False,False,True,True,"45.5775134","11.3059022","Vicenza"
58902,"VILLA SOLARIS","TEZZE SUL BRENTA","Via San Pio X 5, TEZZE SUL BRENTA 36056","ALBERGO",4,"www.villasolaris.it","0424560812","info@villasolaris.it",True,True,True,False,True,False,True,False,"45.6829423","11.7536483","Vicenza"
60200,"B&B VILLAVERLA","VILLAVERLA","Piazza del Popolo 37/c, VILLAVERLA 36030","BED AND BREAKFAST",0,"","0445855016","saporiepassione@hotmail.it",True,False,False,False,False,False,False,False,"45.6515613","11.4945159","Vicenza"
60201,"BED AND BREAKFAST LA BELLA GIUDITTA","POIANA MAGGIORE","Via Andrea Palladio 2/a, POIANA MAGGIORE 36026","BED AND BREAKFAST",0,"","0444794270","silvia34@tin.it",True,True,True,False,False,True,False,False,"45.2891535","11.4978407","Vicenza"
61680,"B&B IL GELSO BIANCO","MONTEBELLO VICENTINO","Via Vigazzolo 1, MONTEBELLO VICENTINO 36054","BED AND BREAKFAST",0,"www.ilgelsobianco.eu","0444645451 - 3482614229","info@ilgelsobianco.eu",True,False,True,False,False,False,False,False,"45.4695961","11.3797169","Vicenza"
62340,"B&B AI TRE LARICI","ASIAGO","Via Ekar 74, ASIAGO 36012","BED AND BREAKFAST",0,"","0424455128","carlo.pasqualetto@yahoo.it",True,False,False,False,False,False,False,False,"45.8636036","11.5559988","Vicenza"
63020,"B&B WEEPING WILLOW","VICENZA","Busa San Michele 18, VICENZA 36100","BED AND BREAKFAST",0,"www.weepingwillow.it","3488142664","bnbweepingwillow@gmail.com",True,True,True,False,True,False,False,False,"45.5454855","11.549498","Vicenza"
65761,"WINDS HOUSE","POVE DEL GRAPPA","Via Zanchetta 48, POVE DEL GRAPPA 36020","BED AND BREAKFAST",0,"","042480229 - 3356158591","windshouse@mail.com",True,False,False,False,False,False,False,False,"45.8029324","11.7249002","Vicenza"
65880,"B&B CAROLINA","CREAZZO","Via Italia 129, CREAZZO 36051","BED AND BREAKFAST",0,"","0444520846 - 3463008080","susanneinnocenti@virgilio.it",True,True,True,False,False,False,False,False,"45.5313554","11.4821651","Vicenza"
67121,"B&B CASAAMIGOS 2","CAMISANO VICENTINO","Via Torrossa 20, CAMISANO VICENTINO 36043","BED AND BREAKFAST",0,"www.casaamigos2.net","0444410436 - 3297750121","casaamigos2@gmail.com",True,True,True,False,True,False,False,False,"45.520671","11.7269143","Vicenza"
68921,"LOCANDA BOTTEGHINO RISORTO","LONIGO","Via Monte Pozzetto 8, LONIGO 36045","ALBERGO",3,"www.botteghinorisorto.it","0444835455","info@botteghinorisorto.it",True,True,True,True,True,True,False,False,"45.3803729","11.4395119","Vicenza"
70900,"NONNA AMELIA","VICENZA","Strada Carpaneda 169, VICENZA 36100","BED AND BREAKFAST",0,"","0444521418 - 3314354065","info@nonnamelia.com",True,True,True,False,True,False,False,False,"45.5396533","11.4946873","Vicenza"
72540,"B&B CA BARIOLA","VALLI DEL PASUBIO","Via Bariola 60, VALLI DEL PASUBIO 36030","BED AND BREAKFAST",0,"","3291043752","rosonicola@libero.it",True,False,False,False,True,False,False,False,"45.7564103","11.2153468","Vicenza"
72580,"B&B AMBROSIO","VALLI DEL PASUBIO","Via Bariola 60, VALLI DEL PASUBIO 36030","BED AND BREAKFAST",0,"","3291043752","rosonicola@libero.it",True,False,False,False,True,False,False,False,"45.7564103","11.2153468","Vicenza"
72600,"B&B AL PORTEGHETO DE BARIOLA","VALLI DEL PASUBIO","Via Bariola 34/a, VALLI DEL PASUBIO 36030","BED AND BREAKFAST",0,"www.alporteghetodebariola.it","0445593044","alporteghetodebariola@gmail.com",True,False,False,False,False,False,False,False,"45.7564103","11.2153468","Vicenza"
74320,"B&B COLORI DEL BOSCO","GALLIO","Via Camona 24/a, GALLIO 36032","BED AND BREAKFAST",0,"www.coloridelbosco.it","04241942234 - 3489849546","info@coloridelbosco.it",True,False,True,False,False,False,False,False,"45.892498","11.5441748","Vicenza"
81020,"GLI OLMI","CREAZZO","Via Como 2, CREAZZO 36051","BED AND BREAKFAST",0,"www.bedandbreakfastgliolmi.it","0444340086","info@bedandbreakfastgliolmi.it",True,False,True,False,True,False,False,False,"45.5285539","11.4846801","Vicenza"
82200,"LA TAVERNA DI GIANO","VICENZA","Strada Postumia 59/a, VICENZA 36100","BED AND BREAKFAST",0,"","0444535547","latavernadigiano@gmail.com",True,False,True,False,True,False,False,False,"45.5733257","11.5824217","Vicenza"
82580,"AL RUSTICO DI ANCIGNANO","SANDRIGO","Via Guarniere 2, SANDRIGO 36066","BED AND BREAKFAST",0,"www.alrusticodiancignano.it","0444658100","igorcaccia@alice.it",True,True,True,False,True,False,False,False,"45.6628924","11.6424732","Vicenza"
82600,"B&B AL CANTICO","MASON VICENTINO","Via Costa 4, MASON VICENTINO 36064","BED AND BREAKFAST",0,"","3356305490","samuele.guidolin@tin.it",True,True,True,False,True,True,False,False,"45.7144731","11.6012934747164","Vicenza"
82900,"B&B PALAZZO REGAU","VICENZA","Via XX Settembre 35, VICENZA 36100","BED AND BREAKFAST",0,"","0444502045 - 3487813947","bebpalazzoregau@gmail.com",True,True,False,False,True,False,False,False,"45.7134134","11.3528593","Vicenza"
84060,"ASIAGO CASA MIA B&B","ASIAGO","Via Rigoni di Sotto 124, ASIAGO 36012","BED AND BREAKFAST",0,"","3398589621","casamia.asiago@gmail.com",True,False,False,False,False,False,False,False,"45.8917473","11.5202374","Vicenza"
85920,"B&B LA CASA DELLERBORISTA","CAMPIGLIA DEI BERICI","Via Caglianella 51/a, CAMPIGLIA DEI BERICI 36020","BED AND BREAKFAST",0,"","0444888430 - 3479666354","alberto.cogo@tin.it",True,True,True,False,True,False,False,False,"45.3289454","11.5483024","Vicenza"
85940,"B&B MIOTTO","MONTEGALDA","Via Borgo 75, MONTEGALDA 36047","BED AND BREAKFAST",0,"","3477138865","resy961@libero.it",True,False,True,False,True,True,False,False,"45.4637072","11.6359309","Vicenza"
87160,"ZEN GARDEN","BASSANO DEL GRAPPA","Via Cavallare 29, BASSANO DEL GRAPPA 36061","BED AND BREAKFAST",0,"www.zengardenbb.it","0424503373","zengardenbb@gmail.com",True,False,True,False,False,False,False,False,"45.7619661","11.7178205","Vicenza"
87820,"B&B RETRO","MAROSTICA","Via Ravenne 36, MAROSTICA 36063","BED AND BREAKFAST",0,"","042477428 - 3393935165","cristina.polita@libero.it",True,False,True,False,True,False,False,False,"45.7391106","11.6638588","Vicenza"
87860,"MAMMA ROSA","VICENZA","Strada del Tormeno 111, VICENZA 36100","BED AND BREAKFAST",0,"","0444530825","a.confalonieri@alice.it",True,True,True,False,False,False,False,False,"45.507179","11.5601052","Vicenza"
90120,"B&B ALLE CAVALLARE","BASSANO DEL GRAPPA","Via Cavallare 13, BASSANO DEL GRAPPA 36061","BED AND BREAKFAST",0,"","3479740208","berg71@libero.it",True,True,True,False,False,False,False,False,"45.7619661","11.7178205","Vicenza"
92000,"B&B SARTORI HOUSE","TEZZE SUL BRENTA","Via W. Tobagi 8, TEZZE SUL BRENTA 36056","BED AND BREAKFAST",0,"www.sartorihouse.it","3382988607 - 0424861116","brunysartori@libero.it",True,True,False,False,False,False,False,False,"45.6824004","11.7695093","Vicenza"
92760,"MUMS BED & BREAKFAST","VICENZA","Strada della Pelosa 117, VICENZA 36100","BED AND BREAKFAST",0,"","3285920238","luisaballardin@hotmail.com",True,True,True,False,False,False,False,False,"45.5078283","11.5925377","Vicenza"
93820,"AL SOLE","MALO","Via San Giovanni 47, MALO 36034","ALBERGO",3,"www.albergoalsolemalo.it","0445607429","info@albergoalsolemalo.it",True,False,False,True,False,False,False,False,"45.6541347","11.4176341","Vicenza"
95540,"IL CASALE DI SOFIA","MARANO VICENTINO","Via Ca Bosco 17, MARANO VICENTINO 36035","BED AND BREAKFAST",0,"","3404760415","ilcasaledisofia@gmail.com",True,True,True,False,False,False,False,False,"45.6856912","11.4529029","Vicenza"
96260,"B&B VIA MUSEO","BASSANO DEL GRAPPA","Via Museo 61, BASSANO DEL GRAPPA 36061","BED AND BREAKFAST",0,"www.viamuseo.wix.com/viamuseo","3207254407","info.viamuseo@gmail.com",True,True,False,False,True,False,False,False,"45.7664128","11.7360481","Vicenza"
96720,"B&B VILLA GOZZI","ARCUGNANO","Via Pilla 6, ARCUGNANO 36057","BED AND BREAKFAST",0,"","0444270162","alloggi@villagozzi.it",True,False,False,False,False,False,False,False,"45.5066618","11.5097976","Vicenza"
97623,"GIARDINO JAPPELLI B&B","ROSA","Via Ca Minotto 65, ROSA 36027","BED AND BREAKFAST",0,"","3331967673","info@bebgiardinojappelli.it",True,False,True,False,True,True,False,False,"45.7216196","11.7750347","Vicenza"
97662,"BED AND BREAKFAST CARPE DIEM","ROSA","Via Torquato Tasso 5, ROSA 36027","BED AND BREAKFAST",0,"www.carpediembb.eu","3333670951","bbcarpediemrosa@gmail.com",True,True,True,False,True,False,False,False,"45.7208077","11.7330023","Vicenza"
99244,"B&B DALLA COSTA EDWARD","ZUGLIANO","Via Roma 61, ZUGLIANO 36030","BED AND BREAKFAST",0,"","3405838801","eddy.69@hotmail.it",True,False,False,False,False,False,False,False,"45.73023","11.514894","Vicenza"
99264,"B&B CUORE VENETO","VICENZA","Strada di Saviabona 175/e, VICENZA 36100","BED AND BREAKFAST",0,"www.cuoreveneto.com","3395358607","cuoreveneto@gmail.com",True,True,False,False,False,False,False,False,"45.5727852","11.5599419","Vicenza"
100082,"B&B IL SUONO DEL BOSCO","ARCUGNANO","Via San Bernardino 19, ARCUGNANO 36057","BED AND BREAKFAST",0,"www.bebilsuonodelbosco.it","0444270180 - 3356542766","info@bebilsuonodelbosco.it",True,True,False,False,True,False,False,False,"45.4774728","11.5043547","Vicenza"
100282,"B&B IL CIPRESSO","VICENZA","Via Zamboni Segato 10, VICENZA 36100","BED AND BREAKFAST",0,"","3293225403","ilcipressovicenza@gmail.com",True,True,False,False,True,False,False,False,"45.5622826","11.5608802","Vicenza"
100622,"B&B LA QUIETE","ARCUGNANO","Via San Felice 7/a, ARCUGNANO 36057","BED AND BREAKFAST",0,"","3333857540 - 3482326769","info@beb-laquiete.it",True,False,False,False,False,False,False,False,"45.464856","11.5607662","Vicenza"
100842,"B&B LE HIBOU","MONTE DI MALO","Via Calcara Boro 7, MONTE DI MALO 36030","BED AND BREAKFAST",0,"www.lehibou.net","0445607385","lehibouitaly@gmail.com",True,False,True,False,True,False,False,False,"45.648507","11.3858427","Vicenza"
101882,"B&B DANIELLE","BARBARANO VICENTINO","Via Farlenda 32, BARBARANO VICENTINO 36021","BED AND BREAKFAST",0,"","3281269867","dani.bondi6852@gmail.com",True,False,True,False,True,False,False,False,"45.4117453","11.535405","Vicenza"
101942,"B&B NELLY","LONIGO","Via Zara 90/b, LONIGO 36045","BED AND BREAKFAST",0,"","3480001909","francobell8@yahoo.it",True,False,False,False,False,False,False,False,"45.3781093","11.3866856","Vicenza"
102083,"LOGGIA DAL LAGO","ARCUGNANO","Via Lago di Fimon 94, ARCUGNANO 36057","BED AND BREAKFAST",0,"","0444273186 - 3476312097","sanka19@libero.it",True,False,False,False,False,False,False,False,"45.4626365","11.5392253","Vicenza"
102282,"B&B LA CASA NEL BOSCO VICENZA","ISOLA VICENTINA","Via Ferrabosco 5, ISOLA VICENTINA 36033","BED AND BREAKFAST",0,"www.lacasanelboscovicenza.it","0444977240 - 3383046656","lacasanelboscovicenza@virgilio.it",True,False,True,False,True,False,False,False,"45.6130284","11.4387517250418","Vicenza"
102782,"CASA CAMPAGNA CASTELLO B&B","SARCEDO","Via Belmonte 13/b, SARCEDO 36030","BED AND BREAKFAST",0,"","3492176406","daniela@cormasrl.it",True,False,False,False,False,False,False,False,"45.7094998","11.5312169","Vicenza"
103682,"B&B BELLE FLEUR","POVE DEL GRAPPA","Via Costantina 3, POVE DEL GRAPPA 36020","BED AND BREAKFAST",0,"","3200233570 - 042480582","crestani.angelo@gmail.com",True,True,True,False,False,False,False,False,"45.798013","11.7306319","Vicenza"
103702,"B&B LA CERESARA","ASIAGO","Via Vivaldi 3, ASIAGO 36012","BED AND BREAKFAST",0,"","0424463225","benetti.gianguido@lantechsrl.it",True,False,True,False,False,False,False,False,"45.8683599","11.5074171","Vicenza"
104722,"B&B BORGO ARCADIA","POIANA MAGGIORE","Via Sabbioni 21, POIANA MAGGIORE 36026","BED AND BREAKFAST",0,"","3494743046","borgo.arcadia@gmail.com",True,False,False,False,False,False,False,False,"45.3114289","11.520932","Vicenza"
105282,"PALACE HOTEL LA CONCHIGLIA DORO","VICENZA","Via Bassano 7, VICENZA 36100","ALBERGO",4,"www.laconchigliadoro.it","04441429771 - 0444504202","info@laconchigliadoro.it",True,False,True,True,False,True,False,False,"45.5429218","11.5587632","Vicenza"
105662,"B&B KRISTINA","QUINTO VICENTINO","Via Piave 81, QUINTO VICENTINO 36050","BED AND BREAKFAST",0,"","3491015573 - 3404128529","grabovac.slavko@hotmail.com",True,False,False,False,False,False,False,False,"45.556197","11.6473559","Vicenza"
107082,"B&B BELVEDERE","MONTECCHIO PRECALCINO","Via Belvedere 10, MONTECCHIO PRECALCINO 36030","BED AND BREAKFAST",0,"www.belvederevicenzabb.it","3336178253","toniazzo.vulcano@gmail.com",True,True,False,False,True,False,False,False,"45.6754172","11.5541584","Vicenza"
107882,"B&B KASLEGHE - LA TUA FINESTRA SUI PRATI","ASIAGO","Via Sette Teste 5, ASIAGO 36012","BED AND BREAKFAST",0,"","3346194769","kasleghe@gmail.com",True,False,True,False,False,True,False,False,"45.8758673","11.5038992","Vicenza"
110628,"ANTICA CORTE LEGUZZANO","SAN VITO DI LEGUZZANO","VIA GONZI N. 5/BIS, SAN VITO DI LEGUZZANO 36030","BED AND BREAKFAST",0,"wwwbbleguzzano.it","3486543498","anticacorteleguzzano@gmail.com",True,False,True,False,False,False,False,False,"45.6751512","11.3535122","Vicenza"
110644,"B&B PALAZZO SEDEA","MAROSTICA","VIA SEDEA 14, MAROSTICA 36063","BED AND BREAKFAST",0,"","042477716","arch.pizzato@libero.it",True,True,False,False,True,False,False,False,"45.7676523","11.6673827","Vicenza"
112502,"B&B VICENZA TEATRO","VICENZA","CONTRA MURE SAN ROCCO N. 29, VICENZA 36100","BED AND BREAKFAST",0,"www.bbvicenzateatro.it","3201424747","info@bbvicenzateatro.it",True,False,False,False,False,False,False,False,"45.5496219","11.5364557","Vicenza"
112582,"B&B GALLO","ARCUGNANO","Via Monte Zattolo 113, ARCUGNANO 36057","BED AND BREAKFAST",0,"","0444249160","info@bbgallo.vicenza.it",True,True,False,False,True,False,False,False,"45.4949513","11.5523835","Vicenza"
112742,"BERICI BED AND BREAKFAST","NANTO","Via Mercato 2, NANTO 36024","BED AND BREAKFAST",0,"www.bericibb.com","3407284130","info@bericibb.com",True,True,False,False,False,False,False,False,"45.4249483","11.5926818","Vicenza"
115604,"B&B DA TOI","MAROSTICA","VIA SISEMOL 37, MAROSTICA 36063","BED AND BREAKFAST",0,"WWW.BBDATOI.IT","0424702026","xausamarco@libero.it",True,False,False,False,False,False,False,False,"45.7743166","11.6112424","Vicenza"
115606,"LA CASA DEI CILIEGI","MAROSTICA","VIA LEVA N. 24, MAROSTICA 36063","BED AND BREAKFAST",0,"","3493783656","todesco.beatrice@yahoo.it",True,True,True,False,True,False,False,False,"45.7438219","11.6689916","Vicenza"
115803,"VILLA IRMA DI CHIMEX TINA IJEOMA","MARANO VICENTINO","VIA VITTORIO VENETO N. 57, MARANO VICENTINO 36035","BED AND BREAKFAST",0,"","0445622855","stilton.berretti@tiscali.it",True,False,False,False,False,False,False,False,"45.6935942","11.4476425","Vicenza"
115944,"COCCOLE & PROSECCO","VICENZA","VIA BATTAGLIONE MONTE SPLUGA 25, VICENZA 36100","BED AND BREAKFAST",0,"www.coccoleprosecco.com","3933303678","coccoleprosecco@gmail.com",True,True,False,False,True,False,False,False,"45.5507894","11.5189544","Vicenza"
117942,"LANGOLO DI PARADISO","VALLI DEL PASUBIO","VIA CARBONATI 7, VALLI DEL PASUBIO 36030","BED AND BREAKFAST",0,"","3331120876","dmotterle@alice.it",True,False,False,False,True,True,False,False,"45.7575952","11.2348082","Vicenza"
119402,"EDELWEISS","VALLI DEL PASUBIO","Via Gobbi 10, VALLI DEL PASUBIO 36030","BED AND BREAKFAST",0,"","0445590309","flavia.valmorbida@gmail.com",True,False,False,False,True,True,False,False,"45.7394591","11.2526704","Vicenza"
120171,"LE ANDRIANELLE","MALO","VIA LOGGIA 10, MALO 36034","ALBERGO",3,"www.leandrianelle.com","","finecookingsrl@gmail.com",True,True,True,True,False,False,False,False,"45.6579385","11.4058976","Vicenza"
120522,"HOTEL NOVENTA","NOVENTA VICENTINA","VIA MIGLIADIZZI N. 12/B, NOVENTA VICENTINA 36025","ALBERGO",3,"","0444861401","hotelnoventa@gmail.com",True,False,False,False,False,False,False,False,"45.2883734","11.5510832","Vicenza"
121862,"IN CORTE ALTA BED & BREAKFAST","MONTE DI MALO","VIA FINOZZI N 7, MONTE DI MALO 36030","BED AND BREAKFAST",0,"","0445580264","mstefano663@gmail.com",True,False,False,False,True,False,False,False,"45.6515314","11.3783974","Vicenza"
122089,"BED & BREAKFAST CASA CANTARANA","CALDOGNO","VIA CANTARANA 11, CALDOGNO 36030","BED AND BREAKFAST",0,"WWW.BBCASACANTARANA.IT","3498110990","info@bbcasacantarana.it",True,True,True,False,False,False,False,False,"45.6117334","11.4993539","Vicenza"
122102,"BED & BREAKFAST IN VALLE","LONGARE","VIA LA VALLA 12, LONGARE 36023","BED AND BREAKFAST",0,"WWW.BEBINVALLE.COM","39114377320","INFO@BEBINVALLE.COM",True,True,False,False,False,False,False,False,"45.4658731","11.5894028","Vicenza"
122662,"B&B HEMINGWAY","BASSANO DEL GRAPPA","Via Ca Erizzo 7, BASSANO DEL GRAPPA 36061","BED AND BREAKFAST",0,"","0424/525734","locandahemingway@gmail.com",True,False,False,False,False,False,False,False,"45.7775183","11.7314562","Vicenza"
124673,"DOLCE BRENTA","BASSANO DEL GRAPPA","CONTRA RIVOLTELLA 96, BASSANO DEL GRAPPA 36061","BED AND BREAKFAST",0,"www.dolcebrenta.it","0424526264","carla.lavisci@gmail.com, info@dolcebrenta.it",True,False,False,False,True,False,False,False,"45.7824987","11.7308468","Vicenza"
125302,"LA PUNTA","AGUGLIARO","Via Punta 7/a, AGUGLIARO 36020","BED AND BREAKFAST",0,"www.bblapunta.it","3481757027","info@bblapunta.it",True,False,False,False,True,True,False,False,"45.3250879","11.6051622","Vicenza"
155453,"LE 33 B&B","BASSANO DEL GRAPPA"," , BASSANO DEL GRAPPA 36061","BED AND BREAKFAST",0,"","","le33bnb@gmail.com",True,False,False,False,False,False,False,False,"45.7669109","11.7343469","Vicenza"
156042,"ANTICO HOTEL VICENZA","VICENZA","STRADELLA DEI NODARI 5, VICENZA 36100","ALBERGO",4,"","04441573422","info@anticohotelvicenza.com",True,True,True,False,True,False,False,False,"45.5471537","11.5455768","Vicenza"
157491,"B&B AI CEDRI","BASSANO DEL GRAPPA","VIA BATTAGLIONE BASSANO 15, BASSANO DEL GRAPPA 36061","BED AND BREAKFAST",0,"","3282183186","socorrodantas@libero.it",True,True,False,False,False,False,False,False,"45.7681639","11.7474247","Vicenza"
157642,"LA CASA VECCHIA","CAMISANO VICENTINO","VIA PALAZZON 7/A, CAMISANO VICENTINO 36043","BED AND BREAKFAST",0,"","3332395061","lacasavecchia7@gmail.com",True,False,False,False,False,False,False,False,"45.5391799","11.687463","Vicenza"
160186,"LA FRACANZANA","MONTEBELLO VICENTINO","VIA FRACANZANA 3, MONTEBELLO VICENTINO 36054","ALBERGO",3,"www.lafracanzanahotel.com","0444649521","info@lafracanzanahotel.com",True,True,True,True,True,True,True,False,"45.4483339","11.3734337","Vicenza"
160282,"B&B VACA MORA","VICENZA","CONTRA PORTA MURE SANTA LUCIA 15, VICENZA 36100","BED AND BREAKFAST",0,"","3290548600","nufarash12@yahoo.it",True,False,False,False,False,False,False,False,"45.552729","11.5526703","Vicenza"
160283,"CASA ERNESTO","VICENZA","VIA STRADA DI GOGNA 149/G, VICENZA 36100","BED AND BREAKFAST",0,"","3488825228","emanuel.fabian@gmail.com",True,True,False,False,True,False,False,False,"45.5317278","11.5347754","Vicenza"
160342,"IL BIANCOSPINO","MONTECCHIO PRECALCINO","VIA BRANZO LOSCHI 16, MONTECCHIO PRECALCINO 36030","BED AND BREAKFAST",0,"","3921122498","susi.grazian@virgilio.it",True,True,False,False,True,False,False,False,"45.6684796","11.5303341","Vicenza"
161802,"B&B MULINO DI CAMPESE","BASSANO DEL GRAPPA","VIA IV NOVEMBRE 58, BASSANO DEL GRAPPA 36061","BED AND BREAKFAST",0,"","3485653288","peruzzoriccardo@gmail.com",True,False,False,False,True,True,False,False,"45.7944443","11.7142258","Vicenza"
162862,"ALBERGO SAN LUCA","MAROSTICA","VIA SAN LUCA 12, MAROSTICA 36063","ALBERGO",3,"www.locandasanluca.it","042472271","info@locandasanluca.it",True,False,False,False,False,False,False,False,"45.7637056","11.6066528","Vicenza"
163645,"LE TRE QUERCE B&B","ROMANO DEZZELINO","VIA MOLINETTO 4, ROMANO DEZZELINO 36060","BED AND BREAKFAST",0,"www.letrequercebnb.com","3470104209","info@letrequercebnb.com",True,True,False,False,True,False,False,False,"45.78535555","11.7585093003409","Vicenza"
164442,"B&B LA FONTE","CASTELGOMBERTO","VIA REGINA PACIS 35, CASTELGOMBERTO 36070","BED AND BREAKFAST",0,"","0445440252","info@bedandbreakfastlafonte.it",True,False,False,False,True,False,False,False,"45.589056","11.4100861","Vicenza"
164622,"VILLA CURTI","SOVIZZO","VIA ROMA 64, SOVIZZO 36050","BED AND BREAKFAST",0,"www.villacurti.it","3473657180","info@villacurti.it",True,True,False,False,True,False,False,False,"45.5294311","11.4510851","Vicenza"
166382,"B&B LA CORTE","BREGANZE","VIA GENERAL MAGLIETTA 27, BREGANZE 36042","BED AND BREAKFAST",0,"","0445874974","bblacortebreganze@gmail.com",True,True,False,False,False,True,False,False,"45.7061333","11.5653433","Vicenza"
167148,"CASA ROSA","NANTO"," , NANTO 36024","BED AND BREAKFAST",0,"","","",True,True,False,False,False,False,False,False,"45.4219948","11.6050065","Vicenza"
169046,"MI & TI","VICENZA","CONTRA PORTI 4, VICENZA 36100","BED AND BREAKFAST",0,"","00393458718180","contraporti4@gmail.com",True,True,False,False,False,True,False,False,"45.5481864","11.5458514","Vicenza"
170235,"CA JORIE","SARCEDO","VIA BASSANO DEL GRAPPA 39/3, SARCEDO 36030","BED AND BREAKFAST",0,"","3381941909","rosa.angela63@gmail.com",True,False,False,False,True,False,False,False,"45.7018225","11.5340093","Vicenza"
176682,"I MIRTILLI SRL","PIANEZZE","VIA GAZZO 33, PIANEZZE 36060","BED AND BREAKFAST",0,"www.imirtilli.com","0424780843","info@imirtilli.com",True,False,False,False,False,False,False,False,"45.7337159","11.6387445886662","Vicenza"
177982,"B&B ASIA SOPHIA","SOVIZZO","Via SantAnna 2, SOVIZZO 36050","BED AND BREAKFAST",0,"","3357075552","marco.cavaggion@gmail.com",True,False,False,False,True,True,False,False,"45.533004","11.4428203","Vicenza"
181544,"B&B VILLA TRISSINO ROSSI DI LIVIA PERTILE","SAREGO","Via Sabbadini 20, SAREGO 36040","BED AND BREAKFAST",0,"www.bbvillatrissinorossi.it","3480537810","info@bbvillatrissinorossi.it",True,True,False,False,True,False,False,False,"45.4336973","11.4139793","Vicenza"
182728,"B&B CASAMIA","SOSSANO","VIA ROMA 90/A, SOSSANO 36040","BED AND BREAKFAST",0,"www.b-bcasamia.itq","3473040612","info@b-bcasamia.it",True,False,True,False,False,False,False,False,"45.3573085","11.5081244","Vicenza"
182962,"ROSA DEL GRAPPA","ROSA","Via dei Fanti 3, ROSA 36027","BED AND BREAKFAST",0,"","3482615870","silvia@rosadelgrappa.it",True,True,False,False,False,False,False,False,"45.7283139","11.7583016","Vicenza"
186422,"LA BARCHESSA DI VILLA PISANI","LONIGO","VIA RISAIE 1/3, LONIGO 36045","ALBERGO",4,"www.labarchessadivillapisani.it","0444831207","info@labarchessadivillapisani.it",True,True,True,True,True,False,True,False,"45.3583343","11.3718097","Vicenza"
189822,"TOBALAND B&B","MONTEVIALE","VIA BRUNORI 13, MONTEVIALE 36050","BED AND BREAKFAST",0,"","0444950266 3289464841","ivo.tobaldini@gmail.com",True,True,False,False,True,False,False,False,"45.5705554","11.4543495","Vicenza"
191929,"B&B UNA GEMMA","BASSANO DEL GRAPPA","Via San Sebastiano 15, BASSANO DEL GRAPPA 36061","BED AND BREAKFAST",0,"","0424220034","francoise.wargnier13@gmail.com",True,False,False,False,False,False,False,False,"45.7734469","11.7333333","Vicenza"
191962,"CASALE LA ROCCHETTA","LONIGO","Via Corrubbio 8, LONIGO 36045","BED AND BREAKFAST",0,"","0444831952","admin@nastiaweb.com",True,False,False,False,True,True,False,False,"45.3891603","11.3978768","Vicenza"
199310,"B&B INCONTRA","SCHIO","Via Reghellini 11, SCHIO 36015","BED AND BREAKFAST",0,"WWW.BBINCONTRA.COM","04451920493  3470439721","info@bbincontra.com",True,False,False,False,False,True,False,False,"45.7379795","11.3428637","Vicenza"
200771,"AL MAJO","CALVENE","VIA DELLEMIGRANTE 30, CALVENE 36030","BED AND BREAKFAST",0,"","3277466707","laura.carollo17@gmail.com",True,False,False,False,False,False,False,False,"45.7625252","11.5102248","Vicenza"
201366,"CASA ANCILLA","CREAZZO","VIA SIENA 5, CREAZZO 36051","BED AND BREAKFAST",0,"","3408951406 0444520166","mery.ancy@alice.it",True,True,False,False,False,False,False,False,"45.5288626","11.4792459","Vicenza"
202264,"B&B VILLA LE ROBINIE","ALTAVILLA VICENTINA","VIA RISORGIMENTO 24, ALTAVILLA VICENTINA 36077","BED AND BREAKFAST",0,"WWW.VILLALEROBINIE.IT","3924699905","villalerobinie@hotmail.it",True,True,False,False,False,False,False,False,"45.4961042","11.4875189","Vicenza"
204542,"LA SERLIANA","VICENZA","VIA DEI CAIROLI 67, VICENZA 36100","BED AND BREAKFAST",0,"","3496954995","info@laserlianavicenza.it",True,True,False,False,False,False,False,False,"45.5470148","11.5285597","Vicenza"
206445,"B&B VILLA FAUSTA DEI BERICI","CASTEGNERO","VIA VILLAVECCHIA 18, CASTEGNERO 36020","BED AND BREAKFAST",0,"villafausta.weebly.com","3475878843","alfiotom@gmail.com",True,True,False,False,True,False,False,False,"45.4443712","11.5834312","Vicenza"
209704,"BED AND BREAKFAST SU AL CASTELLO","MAROSTICA","VIA CANSIGNORIO DELLA SCALA 4, MAROSTICA 36063","BED AND BREAKFAST",0,"WWW.SUALCASTELLO.IT","3933131082","sualcastello@gmail.com",True,True,False,False,False,False,False,False,"45.7493082","11.65307","Vicenza"
217942,"3 FONTANE","THIENE","VIA GIOBERTI 14, THIENE 36016","BED AND BREAKFAST",0,"","0445220028","beb.3fontane@gmail.com",True,False,True,False,True,False,False,False,"45.706644","11.4756886","Vicenza"
